<?xml version="1.0" encoding="UTF-8"?>
<ams:pbcoreDescriptionDocument
  xmlns:ams="http://www.pbcore.org/PBCore/PBCoreNamespace.html" xmlns:xalan="http://xml.apache.org/xalan">
  <ams:pbcoreIdentifier source="WNYC Archive Catalog">43226</ams:pbcoreIdentifier>
  <ams:pbcoreIdentifier source="pbcore XML database UUID">31c931cd-d3f1-4073-bb17-241d7b8c0ae5</ams:pbcoreIdentifier>
  <ams:pbcoreIdentifier source="http://americanarchiveinventory.org">cpb-aacip/80-580k714z</ams:pbcoreIdentifier>
  <ams:pbcoreTitle titleType="Episode">!</ams:pbcoreTitle>
  <ams:pbcoreTitle titleType="Series">Leonard Lopate Show</ams:pbcoreTitle>
  <ams:pbcoreTitle titleType="Collection">WNYC</ams:pbcoreTitle>
  <ams:pbcoreDescription>Lopate Show regulars Alvin and Larry Ubell, the gurus of “how-to,” take your calls on home repair. Plus, find out why some NYPD officers are studying Vermeer to help their crime solving skills. Then, the science behind shark attacks and why sharks should fear man more than man should fear sharks. And comedian Gilbert Gottfried talks about his role in The Aristocrats, the new film about one very dirty joke. Jeffrey Toobin of the New Yorker guest hosts for Leonard today.  Fix It Lopate regulars Alvin and Larry Ubell, the gurus of “how-to,” take your calls on home repair.  »More about the Ubells   Art Smart Amy Herman, head of education at the Frick Collection, explains how some NYPD officers are studying Vermeer to help their crime solving skills.  Man Bites Shark Steve Kemper, contributor to the Smithsonian magazine, looks into shark attacks and explains how humans are greatly endangering the species.  Talk Dirty Comedian Gilbert Gottfried talks about his role in The Aristocrats, the new film about one very dirty joke.   »Go to the films website »Gilbert Gottfrieds website</ams:pbcoreDescription>
</ams:pbcoreDescriptionDocument>
