<?xml version="1.0" encoding="UTF-8"?>
<pbc:PBCoreDescriptionDocument
  xmlns:pbc="http://www.pbcore.org/PBCore/PBCoreNamespace.html" xmlns:xalan="http://xml.apache.org/xalan">
  <pbc:pbcoreIdentifier>
    <pbc:identifier>cpb-aacip/331-69867144</pbc:identifier>
    <pbc:identifierSource>http://americanarchiveinventory.org</pbc:identifierSource>
  </pbc:pbcoreIdentifier>
  <pbc:pbcoreTitle>
    <pbc:title>Archive Quinn</pbc:title>
    <pbc:titleType>Collection</pbc:titleType>
  </pbc:pbcoreTitle>
  <pbc:pbcoreDescription>
    <pbc:description>TEST</pbc:description>
  </pbc:pbcoreDescription>
</pbc:PBCoreDescriptionDocument>
