<?xml version="1.0" encoding="UTF-8"?>
<organization>
  <id type="integer">293</id>
  <name>WHUT</name>
  <address-1>2222 4th St NW</address-1>
  <address-2></address-2>
  <city>Washington</city>
  <state>DC</state>
  <zip>20059</zip>
  <logo-url nil="true"></logo-url>
  <logo-file-name>WHUTLOGOHoward_univeristy_television.JPG</logo-file-name>
  <logo-content-type>image/pjpeg</logo-content-type>
  <logo-file-size type="integer">101424</logo-file-size>
  <logo-updated-at type="datetime">2010-12-30T18:27:42Z</logo-updated-at>
  <website>www.howard.edu</website>
  <metadata>&lt;?xml version="1.0" encoding="UTF-8"?&gt;
&lt;stations version="0.93"&gt;
  &lt;title&gt;WHUT&lt;/title&gt;
  &lt;message id="401" level="warning"&gt;
    &lt;text&gt;There were no results that matched your query criteria.&lt;/text&gt;
    &lt;timestamp&gt;1293733662.87&lt;/timestamp&gt;
  &lt;/message&gt;
  &lt;station/&gt;
&lt;/stations&gt;
</metadata>
  <location nil="true"></location>
  <lat type="float">38.9199</lat>
  <lng type="float">-77.018</lng>
  <contact-id type="integer" nil="true"></contact-id>
  <created-at type="datetime">2010-12-30T18:27:43Z</created-at>
  <updated-at type="datetime">2012-11-06T05:31:46Z</updated-at>
  <public type="boolean" nil="true"></public>
  <size>20</size>
  <other-industry></other-industry>
  <rfp-status nil="true"></rfp-status>
  <rfp-amount type="float" nil="true"></rfp-amount>
  <persistence-token>_ij_9UOBvoQyK6Cwq0op</persistence-token>
  <cpb-id>1731</cpb-id>
  <reindexed-at type="datetime">2012-11-06T05:31:46Z</reindexed-at>
  <collection>
    <id type="integer">137</id>
    <inventory-id type="integer" nil="true"></inventory-id>
    <user-id type="integer" nil="true"></user-id>
    <organization-id type="integer">293</organization-id>
    <extent>2761</extent>
    <date-range>1980-2010</date-range>
    <creators>The content that we have is mostly WHUT local production which consist of Howard University Televisionâ€™s signature program, Evening Exchange, this program is hosted by Kojo Nnamdi and for several years was a place where citizens called in daily to engage local politicians on issues. At Howard, is an interview format program with professors around Howard University, and Lets Talk education is a panel discussion with educators in the DC area disucssing educational issues,  and Opening Convocation, Homecoming, Charter Day and Commencement. We expect the project to take five weeks.</creators>
    <storage-location></storage-location>
    <storage-onsite type="boolean">true</storage-onsite>
    <storage-offsite type="boolean">false</storage-offsite>
    <storage-onsite-description>The tapes are stored in the tape library with some additional tapes that are stored in a screening room in an adjacent building.</storage-onsite-description>
    <storage-offsite-description></storage-offsite-description>
    <records-inventoried type="integer" nil="true"></records-inventoried>
    <records-inventoried-electronic type="integer">32</records-inventoried-electronic>
    <inventory-comments></inventory-comments>
    <inventory-record-file-name nil="true"></inventory-record-file-name>
    <inventory-record-content-type nil="true"></inventory-record-content-type>
    <inventory-record-file-size type="integer" nil="true"></inventory-record-file-size>
    <inventory-record-updated-at type="datetime" nil="true"></inventory-record-updated-at>
    <ancilliary-material></ancilliary-material>
    <photo-file-name nil="true"></photo-file-name>
    <photo-content-type nil="true"></photo-content-type>
    <photo-file-size type="integer" nil="true"></photo-file-size>
    <photo-updated-at type="datetime" nil="true"></photo-updated-at>
    <created-at type="datetime">2010-12-30T18:40:33Z</created-at>
    <updated-at type="datetime">2011-03-15T17:45:23Z</updated-at>
    <extent-method>We had a physical count of the number of tapes that we have in the library </extent-method>
    <digital-extent nil="true"></digital-extent>
    <other-formats></other-formats>
    <digital-audio></digital-audio>
    <digital-video>7</digital-video>
    <other-electronic-inventory-formats></other-electronic-inventory-formats>
    <records-not-inventoried>68</records-not-inventoried>
  </collection>
  <rfp>
    <id type="integer">70</id>
    <broadcaster type="boolean" nil="true"></broadcaster>
    <user-id type="integer" nil="true"></user-id>
    <organization-id type="integer">293</organization-id>
    <format nil="true"></format>
    <capacity nil="true"></capacity>
    <signature-file-name>WHUT signature page.pdf</signature-file-name>
    <signature-content-type>application/pdf</signature-content-type>
    <signature-file-size type="integer">700154</signature-file-size>
    <signature-updated-at type="datetime">2010-12-30T18:58:46Z</signature-updated-at>
    <budget-file-name>WHUT budget.pdf</budget-file-name>
    <budget-content-type>application/pdf</budget-content-type>
    <budget-file-size type="integer">396443</budget-file-size>
    <budget-updated-at type="datetime">2010-12-30T18:58:46Z</budget-updated-at>
    <created-at type="datetime">2010-12-30T18:58:46Z</created-at>
    <updated-at type="datetime">2012-08-22T18:20:13Z</updated-at>
    <status>active</status>
    <funded type="boolean">true</funded>
    <funded-amount type="integer">6255</funded-amount>
    <swat type="boolean">false</swat>
    <kickstart type="boolean">true</kickstart>
    <webinar type="boolean">false</webinar>
    <estimated-new-records type="integer">1834</estimated-new-records>
    <estimated-existing-records type="integer">927</estimated-existing-records>
    <proposal-file-name>WHUT_proposal.pdf</proposal-file-name>
    <proposal-content-type>application/pdf</proposal-content-type>
    <proposal-file-size type="integer">165364</proposal-file-size>
    <proposal-updated-at type="datetime">2011-08-04T14:45:56Z</proposal-updated-at>
    <started-at type="datetime">2011-09-01T00:00:00Z</started-at>
    <ended-at type="datetime">2011-12-01T17:00:00Z</ended-at>
    <nomination-first-priority type="float">113.0</nomination-first-priority>
    <nomination-second-priority type="float">28.0</nomination-second-priority>
  </rfp>
  <users type="array">
    <user>
      <id type="integer">235</id>
      <login>lhaj@howard.edu</login>
      <email>lhaj@howard.edu</email>
      <encrypted-password>8d7a78b28e1a1b0aa91826b52044ca7c83dbdc9375500370b8cfb65975725270effa9613e49fa62e83605ccef7092ca0d90c9fdd254daa80cdc13c5a24ed78ac</encrypted-password>
      <last-search-url nil="true"></last-search-url>
      <last-sign-in-at type="datetime">2012-10-15T20:53:56Z</last-sign-in-at>
      <created-at type="datetime">2010-11-04T20:40:51Z</created-at>
      <updated-at type="datetime">2012-10-16T13:23:01Z</updated-at>
      <password-salt>yF7uE0d1Rv1bktDUDDza</password-salt>
      <current-sign-in-at type="datetime">2012-10-16T13:23:01Z</current-sign-in-at>
      <name>Luma Haj</name>
      <title>Director of Administration</title>
      <affiliation>WHUT</affiliation>
      <phone>202-806-3460</phone>
      <role type="integer">0</role>
      <confirmation-token nil="true"></confirmation-token>
      <confirmed-at type="datetime">2010-11-04T20:40:51Z</confirmed-at>
      <confirmation-sent-at type="datetime">2010-11-04T20:40:51Z</confirmation-sent-at>
      <reset-password-token nil="true"></reset-password-token>
      <remember-token nil="true"></remember-token>
      <remember-created-at type="datetime" nil="true"></remember-created-at>
      <sign-in-count type="integer">22</sign-in-count>
      <current-sign-in-ip>138.238.233.2</current-sign-in-ip>
      <last-sign-in-ip>138.238.233.2</last-sign-in-ip>
      <failed-attemptes type="integer" nil="true"></failed-attemptes>
      <unlock-token nil="true"></unlock-token>
      <locked-at type="datetime" nil="true"></locked-at>
    </user>
  </users>
  <filters type="array">
    <filter>
      <id type="integer">40</id>
      <name>formatmediatype</name>
      <priority type="integer">0</priority>
      <data></data>
      <class-name>AmericanArchive::Filters::Whut</class-name>
      <organization-id type="integer">293</organization-id>
      <created-at type="datetime">2012-07-05T15:08:37Z</created-at>
      <updated-at type="datetime">2012-07-05T15:08:37Z</updated-at>
    </filter>
  </filters>
</organization>
