<?xml version="1.0" encoding="UTF-8"?>
<organization>
  <id type="integer">366</id>
  <name>Blue Lake Public Radio (WBLV and WBLU-FM)</name>
  <address-1>300 East Crystal Lake Rd</address-1>
  <address-2></address-2>
  <city>Twin Lake</city>
  <state>MI</state>
  <zip>49457</zip>
  <logo-url nil="true"></logo-url>
  <logo-file-name>Blue Lake Radio Logo.TIF</logo-file-name>
  <logo-content-type>image/tiff</logo-content-type>
  <logo-file-size type="integer">304651</logo-file-size>
  <logo-updated-at type="datetime">2011-01-28T16:15:01Z</logo-updated-at>
  <website>bluelake.org/radio</website>
  <metadata>&lt;?xml version="1.0" encoding="UTF-8"?&gt;
&lt;stations version="0.93"&gt;
  &lt;title&gt;WBLV&lt;/title&gt;
  &lt;station id="318"&gt;
    &lt;callLetters&gt;WBLV&lt;/callLetters&gt;
    &lt;band&gt;FM&lt;/band&gt;
    &lt;name&gt;WBLV-FM&lt;/name&gt;
    &lt;memberStatus&gt;Member&lt;/memberStatus&gt;
    &lt;frequency&gt;90.3&lt;/frequency&gt;
    &lt;marketCity&gt;Twin Lake&lt;/marketCity&gt;
    &lt;state&gt;MI&lt;/state&gt;
    &lt;url typeId="1" type="Organization Home Page" title="WBLV-FM Homepage"&gt;http://www.bluelake.org/radio.html&lt;/url&gt;
    &lt;url typeId="2" type="Program Schedule" title="Program Schedule"&gt;http://www.bluelake.org/grid.html&lt;/url&gt;
    &lt;url typeId="4" type="Pledge Page" title="Support"&gt;https://z3rdcoas.securesites.com/bluelake/pledge.html&lt;/url&gt;
    &lt;url typeId="7" type="Audio Stream" title="Blue Lake Public Radio - Classical - Jazz - NPR"&gt;http://bluelake.ncats.net/&lt;/url&gt;
    &lt;url typeId="10" type="Audio MP3 Stream" title="Blue Lake Public Radio - Classical - Jazz - NPR"&gt;http://bluelake.ncats.net:8000/listen.pls&lt;/url&gt;
    &lt;image type="logo"&gt;http://media.npr.org/images/stations/logos/wblv_fm.gif&lt;/image&gt;
    &lt;tagline&gt;Blue Lake Public Radio&lt;/tagline&gt;
    &lt;orgDisplayName&gt;Blue Lake Public Radio&lt;/orgDisplayName&gt;
  &lt;/station&gt;
&lt;/stations&gt;
</metadata>
  <location nil="true"></location>
  <lat type="float">43.3976</lat>
  <lng type="float">-86.2363</lng>
  <contact-id type="integer" nil="true"></contact-id>
  <created-at type="datetime">2011-01-28T16:16:16Z</created-at>
  <updated-at type="datetime">2012-11-05T21:46:31Z</updated-at>
  <public type="boolean" nil="true"></public>
  <size>7</size>
  <other-industry></other-industry>
  <rfp-status nil="true"></rfp-status>
  <rfp-amount type="float" nil="true"></rfp-amount>
  <persistence-token>PoVU-vOXdKMlSEQpI-b1</persistence-token>
  <cpb-id>1455</cpb-id>
  <reindexed-at type="datetime">2012-11-05T21:46:31Z</reindexed-at>
  <collection>
    <id type="integer">187</id>
    <inventory-id type="integer" nil="true"></inventory-id>
    <user-id type="integer" nil="true"></user-id>
    <organization-id type="integer">366</organization-id>
    <extent>3,500</extent>
    <date-range>1982-2009 (the 78 RPM records are from the 1920s and 30s)</date-range>
    <creators>Nearly all of the materials (except for the records) were created by Blue Lake staff.</creators>
    <storage-location></storage-location>
    <storage-onsite type="boolean">true</storage-onsite>
    <storage-offsite type="boolean">false</storage-offsite>
    <storage-onsite-description>Most of these materials are stored in the radio station building.  90% of them in the basement.</storage-onsite-description>
    <storage-offsite-description></storage-offsite-description>
    <records-inventoried type="integer">0</records-inventoried>
    <records-inventoried-electronic type="integer">0</records-inventoried-electronic>
    <inventory-comments></inventory-comments>
    <inventory-record-file-name nil="true"></inventory-record-file-name>
    <inventory-record-content-type nil="true"></inventory-record-content-type>
    <inventory-record-file-size type="integer" nil="true"></inventory-record-file-size>
    <inventory-record-updated-at type="datetime" nil="true"></inventory-record-updated-at>
    <ancilliary-material></ancilliary-material>
    <photo-file-name nil="true"></photo-file-name>
    <photo-content-type nil="true"></photo-content-type>
    <photo-file-size type="integer" nil="true"></photo-file-size>
    <photo-updated-at type="datetime" nil="true"></photo-updated-at>
    <created-at type="datetime">2011-01-28T16:46:50Z</created-at>
    <updated-at type="datetime">2011-01-31T15:55:41Z</updated-at>
    <extent-method>We did a rough count of the stored materials.  These include 2,500 78 RPM Jazz Records, which might have some value.</extent-method>
    <digital-extent nil="true"></digital-extent>
    <other-formats></other-formats>
    <digital-audio></digital-audio>
    <digital-video></digital-video>
    <other-electronic-inventory-formats></other-electronic-inventory-formats>
    <records-not-inventoried>100</records-not-inventoried>
  </collection>
  <rfp>
    <id type="integer">110</id>
    <broadcaster type="boolean" nil="true"></broadcaster>
    <user-id type="integer" nil="true"></user-id>
    <organization-id type="integer">366</organization-id>
    <format nil="true"></format>
    <capacity nil="true"></capacity>
    <signature-file-name>WBLV Signature Page.pdf</signature-file-name>
    <signature-content-type>application/pdf</signature-content-type>
    <signature-file-size type="integer">18458</signature-file-size>
    <signature-updated-at type="datetime">2011-01-31T17:35:37Z</signature-updated-at>
    <budget-file-name>AACIP budget.doc</budget-file-name>
    <budget-content-type>application/msword</budget-content-type>
    <budget-file-size type="integer">26624</budget-file-size>
    <budget-updated-at type="datetime">2011-01-31T17:35:37Z</budget-updated-at>
    <created-at type="datetime">2011-01-31T17:35:37Z</created-at>
    <updated-at type="datetime">2012-08-22T18:50:53Z</updated-at>
    <status>active</status>
    <funded type="boolean">true</funded>
    <funded-amount type="integer">6250</funded-amount>
    <swat type="boolean">false</swat>
    <kickstart type="boolean">true</kickstart>
    <webinar type="boolean">false</webinar>
    <estimated-new-records type="integer">3500</estimated-new-records>
    <estimated-existing-records type="integer">0</estimated-existing-records>
    <proposal-file-name>BlueLake_proposal.pdf</proposal-file-name>
    <proposal-content-type>application/pdf</proposal-content-type>
    <proposal-file-size type="integer">178955</proposal-file-size>
    <proposal-updated-at type="datetime">2011-04-12T15:20:28Z</proposal-updated-at>
    <started-at type="datetime">2011-09-01T00:00:00Z</started-at>
    <ended-at type="datetime">2012-01-15T17:00:00Z</ended-at>
    <nomination-first-priority type="float">50.0</nomination-first-priority>
    <nomination-second-priority type="float">13.0</nomination-second-priority>
  </rfp>
  <users type="array">
    <user>
      <id type="integer">520</id>
      <login>myers@bluelake.org</login>
      <email>myers@bluelake.org</email>
      <encrypted-password>978296f0e5cb1b13b199b5116ce66bc9d41fd4b7ab3fa8f060242c268747edf3cdc5418dee5ead31f04145501e80bb0791c4f49b882d29b51bbb4b30e92df735</encrypted-password>
      <last-search-url nil="true"></last-search-url>
      <last-sign-in-at type="datetime">2012-10-18T22:17:58Z</last-sign-in-at>
      <created-at type="datetime">2011-01-28T16:15:01Z</created-at>
      <updated-at type="datetime">2012-10-19T13:42:38Z</updated-at>
      <password-salt>EVTuQ_-jMy3-dnQMDkkS</password-salt>
      <current-sign-in-at type="datetime">2012-10-19T13:42:38Z</current-sign-in-at>
      <name>David M Myers</name>
      <title>General Manager</title>
      <affiliation></affiliation>
      <phone>231-894-5656</phone>
      <role type="integer">0</role>
      <confirmation-token nil="true"></confirmation-token>
      <confirmed-at type="datetime">2011-01-28T16:15:01Z</confirmed-at>
      <confirmation-sent-at type="datetime">2011-01-28T16:15:01Z</confirmation-sent-at>
      <reset-password-token nil="true"></reset-password-token>
      <remember-token nil="true"></remember-token>
      <remember-created-at type="datetime" nil="true"></remember-created-at>
      <sign-in-count type="integer">11</sign-in-count>
      <current-sign-in-ip>50.33.145.42</current-sign-in-ip>
      <last-sign-in-ip>68.40.99.20</last-sign-in-ip>
      <failed-attemptes type="integer" nil="true"></failed-attemptes>
      <unlock-token nil="true"></unlock-token>
      <locked-at type="datetime" nil="true"></locked-at>
    </user>
  </users>
  <filters type="array"/>
</organization>
