<?xml version="1.0" encoding="UTF-8"?>
<organization>
  <id type="integer">331</id>
  <name>WTIP North Shore Community Radio</name>
  <address-1>PO Box 1005</address-1>
  <address-2></address-2>
  <city>Grand Marais</city>
  <state>MN</state>
  <zip>55604</zip>
  <logo-url nil="true"></logo-url>
  <logo-file-name>wtip radio logo copy.jpg</logo-file-name>
  <logo-content-type>image/pjpeg</logo-content-type>
  <logo-file-size type="integer">287495</logo-file-size>
  <logo-updated-at type="datetime">2011-01-19T15:36:05Z</logo-updated-at>
  <website>www.wtip.org</website>
  <metadata nil="true"></metadata>
  <location nil="true"></location>
  <lat type="float">47.7504</lat>
  <lng type="float">-90.3343</lng>
  <contact-id type="integer" nil="true"></contact-id>
  <created-at type="datetime">2011-01-19T15:34:21Z</created-at>
  <updated-at type="datetime">2012-11-04T20:02:00Z</updated-at>
  <public type="boolean" nil="true"></public>
  <size>8</size>
  <other-industry></other-industry>
  <rfp-status>funded</rfp-status>
  <rfp-amount type="float">5400.0</rfp-amount>
  <persistence-token>TJhf4dgujTVxrLA7rOel</persistence-token>
  <cpb-id>4602</cpb-id>
  <reindexed-at type="datetime">2012-11-04T20:02:00Z</reindexed-at>
  <collection>
    <id type="integer">164</id>
    <inventory-id type="integer" nil="true"></inventory-id>
    <user-id type="integer" nil="true"></user-id>
    <organization-id type="integer">331</organization-id>
    <extent>1846</extent>
    <date-range>1998 - 2009</date-range>
    <creators>WTIP staff recorded and/or created the bulk of the material.  WTIP volunteer producers also created a portion of the material.</creators>
    <storage-location>Basement of volunteers' homes.  </storage-location>
    <storage-onsite type="boolean">true</storage-onsite>
    <storage-offsite type="boolean">true</storage-offsite>
    <storage-onsite-description>Storage closets within the building.  The space is dark, 60 - 70 degrees.</storage-onsite-description>
    <storage-offsite-description>The space is dark, 55 - 60 degrees.</storage-offsite-description>
    <records-inventoried type="integer">0</records-inventoried>
    <records-inventoried-electronic type="integer">0</records-inventoried-electronic>
    <inventory-comments></inventory-comments>
    <inventory-record-file-name nil="true"></inventory-record-file-name>
    <inventory-record-content-type nil="true"></inventory-record-content-type>
    <inventory-record-file-size type="integer" nil="true"></inventory-record-file-size>
    <inventory-record-updated-at type="datetime" nil="true"></inventory-record-updated-at>
    <ancilliary-material></ancilliary-material>
    <photo-file-name nil="true"></photo-file-name>
    <photo-content-type nil="true"></photo-content-type>
    <photo-file-size type="integer" nil="true"></photo-file-size>
    <photo-updated-at type="datetime" nil="true"></photo-updated-at>
    <created-at type="datetime">2011-01-25T18:35:13Z</created-at>
    <updated-at type="datetime">2011-01-26T21:03:08Z</updated-at>
    <extent-method>The above number was determined by conducting a count of hard copies, as well as an estimate of electronic material determined by opening folders and counting non-duplicated files.</extent-method>
    <digital-extent nil="true"></digital-extent>
    <other-formats>Minidisc, electronic</other-formats>
    <digital-audio>150 GB</digital-audio>
    <digital-video></digital-video>
    <other-electronic-inventory-formats></other-electronic-inventory-formats>
    <records-not-inventoried>100</records-not-inventoried>
  </collection>
  <rfp>
    <id type="integer">82</id>
    <broadcaster type="boolean" nil="true"></broadcaster>
    <user-id type="integer" nil="true"></user-id>
    <organization-id type="integer">331</organization-id>
    <format nil="true"></format>
    <capacity nil="true"></capacity>
    <signature-file-name nil="true"></signature-file-name>
    <signature-content-type nil="true"></signature-content-type>
    <signature-file-size type="integer" nil="true"></signature-file-size>
    <signature-updated-at type="datetime" nil="true"></signature-updated-at>
    <budget-file-name>WTIPbudget_template.xls</budget-file-name>
    <budget-content-type>application/vnd.ms-excel</budget-content-type>
    <budget-file-size type="integer">27648</budget-file-size>
    <budget-updated-at type="datetime">2011-01-26T21:16:52Z</budget-updated-at>
    <created-at type="datetime">2011-01-26T21:16:52Z</created-at>
    <updated-at type="datetime">2012-08-22T18:56:50Z</updated-at>
    <status>active</status>
    <funded type="boolean">true</funded>
    <funded-amount type="integer">5400</funded-amount>
    <swat type="boolean">false</swat>
    <kickstart type="boolean">false</kickstart>
    <webinar type="boolean">false</webinar>
    <estimated-new-records type="integer">1846</estimated-new-records>
    <estimated-existing-records type="integer">0</estimated-existing-records>
    <proposal-file-name nil="true"></proposal-file-name>
    <proposal-content-type nil="true"></proposal-content-type>
    <proposal-file-size type="integer" nil="true"></proposal-file-size>
    <proposal-updated-at type="datetime" nil="true"></proposal-updated-at>
    <started-at type="datetime">2011-04-18T00:00:00Z</started-at>
    <ended-at type="datetime">2011-07-11T16:00:00Z</ended-at>
    <nomination-first-priority type="float">50.0</nomination-first-priority>
    <nomination-second-priority type="float">13.0</nomination-second-priority>
  </rfp>
  <users type="array">
    <user>
      <id type="integer">475</id>
      <login>Melanie@wtip.org</login>
      <email>Melanie@wtip.org</email>
      <encrypted-password>29e9ac71bc44ffc9f1516da439f4d8f79e81fbe17ac1f7a1ef5d6221280a05c67358f39859296720a15da0ff183e9a62157c7c93c64dbb6525cd6596acad3108</encrypted-password>
      <last-search-url nil="true"></last-search-url>
      <last-sign-in-at type="datetime">2012-10-16T18:43:33Z</last-sign-in-at>
      <created-at type="datetime">2011-01-19T15:34:20Z</created-at>
      <updated-at type="datetime">2012-10-26T17:28:42Z</updated-at>
      <password-salt>b8zfV0YDKc2Hk8jft2qX</password-salt>
      <current-sign-in-at type="datetime">2012-10-26T17:28:42Z</current-sign-in-at>
      <name>Melanie Steele</name>
      <title>Development Director</title>
      <affiliation>WTIP</affiliation>
      <phone>218-387-1070</phone>
      <role type="integer">0</role>
      <confirmation-token nil="true"></confirmation-token>
      <confirmed-at type="datetime">2011-01-19T15:34:20Z</confirmed-at>
      <confirmation-sent-at type="datetime">2011-01-19T15:34:20Z</confirmation-sent-at>
      <reset-password-token nil="true"></reset-password-token>
      <remember-token nil="true"></remember-token>
      <remember-created-at type="datetime" nil="true"></remember-created-at>
      <sign-in-count type="integer">14</sign-in-count>
      <current-sign-in-ip>75.163.22.46</current-sign-in-ip>
      <last-sign-in-ip>75.163.17.120</last-sign-in-ip>
      <failed-attemptes type="integer" nil="true"></failed-attemptes>
      <unlock-token nil="true"></unlock-token>
      <locked-at type="datetime" nil="true"></locked-at>
    </user>
  </users>
  <filters type="array">
    <filter>
      <id type="integer">45</id>
      <name>formatmediatype</name>
      <priority type="integer">0</priority>
      <data></data>
      <class-name>AmericanArchive::Filters::Wtip</class-name>
      <organization-id type="integer">331</organization-id>
      <created-at type="datetime">2012-07-06T16:02:57Z</created-at>
      <updated-at type="datetime">2012-07-06T16:02:57Z</updated-at>
    </filter>
  </filters>
</organization>
