<?xml version="1.0" encoding="UTF-8"?>
<organization>
  <id type="integer">200</id>
  <name>WFYI Public Media</name>
  <address-1>1630 N. Meridian St.</address-1>
  <address-2></address-2>
  <city>Indianapolis</city>
  <state>IN</state>
  <zip>46202</zip>
  <logo-url nil="true"></logo-url>
  <logo-file-name>WFYI_logo_215 50x50.gif</logo-file-name>
  <logo-content-type>image/gif</logo-content-type>
  <logo-file-size type="integer">1091</logo-file-size>
  <logo-updated-at type="datetime">2010-11-24T15:16:22Z</logo-updated-at>
  <website>www.wfyi.org</website>
  <metadata>&lt;?xml version="1.0" encoding="UTF-8"?&gt;
&lt;stations version="0.93"&gt;
  &lt;title&gt;WFYI&lt;/title&gt;
  &lt;station id="394"&gt;
    &lt;callLetters&gt;WFYI&lt;/callLetters&gt;
    &lt;band&gt;FM&lt;/band&gt;
    &lt;name&gt;WFYI-FM&lt;/name&gt;
    &lt;memberStatus&gt;Member&lt;/memberStatus&gt;
    &lt;frequency&gt;90.1&lt;/frequency&gt;
    &lt;marketCity&gt;Indianapolis&lt;/marketCity&gt;
    &lt;state&gt;IN&lt;/state&gt;
    &lt;url typeId="1" type="Organization Home Page" title="WFYI-FM Homepage"&gt;http://www.wfyi.org&lt;/url&gt;
    &lt;url typeId="2" type="Program Schedule" title="Program Schedule"&gt;http://www.wfyi.org/radio/wfyiHD1schedule.asp&lt;/url&gt;
    &lt;url typeId="4" type="Pledge Page" title="Support WFYI"&gt;http://www.wfyi.org/pledge&lt;/url&gt;
    &lt;url typeId="7" type="Audio Stream" title="WFYI 90.1 Podcasts and Streams"&gt;http://www.wfyi.org/podcasts/&lt;/url&gt;
    &lt;url typeId="7" type="Audio Stream" title="WFYI 90.1 FM HD1"&gt;http://www.wfyi.org/radio/&lt;/url&gt;
    &lt;url typeId="7" type="Audio Stream" title="WFYI 90.1 FM HD2"&gt;http://www.wfyi.org/radio/&lt;/url&gt;
    &lt;url typeId="8" type="RSS Feed" title="Film Soceyology"&gt;http://www.wfyi.org/podcast/FILM/FILM.rss&lt;/url&gt;
    &lt;url typeId="9" type="Podcast" title="Sound Medicine"&gt;http://www.soundmedicine.iu.edu/smFeed.php&lt;/url&gt;
    &lt;url typeId="9" type="Podcast" title="Indiana Week in Review"&gt;http://www.wfyi.org/podcast/IWIR/IWIR_AUD.rss&lt;/url&gt;
    &lt;url typeId="9" type="Podcast" title="Journey with Nature"&gt;http://www.wfyi.org/podcast/journeywithnature/JWN_Series.rss&lt;/url&gt;
    &lt;url typeId="9" type="Podcast" title="The Art of the Matter"&gt;http://www.wfyi.org/podcast/AOTM/AOTM.rss&lt;/url&gt;
    &lt;url typeId="9" type="Podcast" title="No Limits"&gt;http://www.wfyi.org/podcast/NOLI/NOLI.rss&lt;/url&gt;
    &lt;url typeId="9" type="Podcast" title="Economic Club of Indiana Speaker Archive"&gt;http://www.wfyi.org/podcast/EC/EC.rss&lt;/url&gt;
    &lt;url typeId="10" type="Audio MP3 Stream" title="WFYI 90.1 FM HD1"&gt;http://www.wfyi.org/radio/wfyiHD1low.pls&lt;/url&gt;
    &lt;url typeId="10" type="Audio MP3 Stream" title="WFYI 90.1 FM HD2"&gt;http://www.wfyi.org/radio/wfyiHD2low.pls&lt;/url&gt;
    &lt;url typeId="11" type="Audio Windows Media Stream" title="WFYI 90.1 FM HD1"&gt;http://www.wfyi.org/radio/wfyiHD1low.asx&lt;/url&gt;
    &lt;url typeId="11" type="Audio Windows Media Stream" title="WFYI 90.1 FM HD2"&gt;http://www.wfyi.org/radio/wfyiHD2low.asx&lt;/url&gt;
    &lt;url typeId="12" type="Audio Real Media Stream" title="WFYI 90.1 FM HD1"&gt;http://www.wfyi.org/radio/wfyiHD1low.rm&lt;/url&gt;
    &lt;url typeId="12" type="Audio Real Media Stream" title="WFYI 90.1 FM HD2"&gt;http://www.wfyi.org/radio/wfyiHD2low.rm&lt;/url&gt;
    &lt;image type="logo"&gt;http://media.npr.org/images/stations/logos/wfyi_fm.gif&lt;/image&gt;
    &lt;tagline&gt;For Your Information&lt;/tagline&gt;
    &lt;orgDisplayName&gt;WFYI&lt;/orgDisplayName&gt;
  &lt;/station&gt;
&lt;/stations&gt;
</metadata>
  <location nil="true"></location>
  <lat type="float">39.7894</lat>
  <lng type="float">-86.1586</lng>
  <contact-id type="integer">136</contact-id>
  <created-at type="datetime">2010-11-24T15:16:23Z</created-at>
  <updated-at type="datetime">2012-10-25T03:24:57Z</updated-at>
  <public type="boolean" nil="true"></public>
  <size>70</size>
  <other-industry></other-industry>
  <rfp-status nil="true"></rfp-status>
  <rfp-amount type="float" nil="true"></rfp-amount>
  <persistence-token>ZJRrOFPvLIw3QTe-U7Oi</persistence-token>
  <cpb-id>1388</cpb-id>
  <reindexed-at type="datetime">2012-10-25T03:24:57Z</reindexed-at>
  <collection>
    <id type="integer">75</id>
    <inventory-id type="integer" nil="true"></inventory-id>
    <user-id type="integer" nil="true"></user-id>
    <organization-id type="integer">200</organization-id>
    <extent>7000</extent>
    <date-range>1970-present</date-range>
    <creators>None. The vast majority are simply from our own internal collections.</creators>
    <storage-location></storage-location>
    <storage-onsite type="boolean">true</storage-onsite>
    <storage-offsite type="boolean">false</storage-offsite>
    <storage-onsite-description>Most assets are either in boxes in a storage areas or on shelving in various places throughout the station.</storage-onsite-description>
    <storage-offsite-description></storage-offsite-description>
    <records-inventoried type="integer" nil="true"></records-inventoried>
    <records-inventoried-electronic type="integer">30</records-inventoried-electronic>
    <inventory-comments></inventory-comments>
    <inventory-record-file-name>Catalog Video Library.xls</inventory-record-file-name>
    <inventory-record-content-type>application/vnd.ms-excel</inventory-record-content-type>
    <inventory-record-file-size type="integer">1755648</inventory-record-file-size>
    <inventory-record-updated-at type="datetime">2010-11-24T15:30:40Z</inventory-record-updated-at>
    <ancilliary-material>We have a large number of still photos and promotional videos, but those are not inventoried in any way.</ancilliary-material>
    <photo-file-name nil="true"></photo-file-name>
    <photo-content-type nil="true"></photo-content-type>
    <photo-file-size type="integer" nil="true"></photo-file-size>
    <photo-updated-at type="datetime" nil="true"></photo-updated-at>
    <created-at type="datetime">2010-11-24T15:30:40Z</created-at>
    <updated-at type="datetime">2010-11-24T15:30:40Z</updated-at>
    <extent-method>Through discussions with WFYI Productions and WFYI Radio staff, utilizing a partial inventory of video assets already begun and a visual examination of boxes of assets as well as estimates of tapes on shelves as well as electronic files</extent-method>
    <digital-extent nil="true"></digital-extent>
    <other-formats></other-formats>
    <digital-audio>500</digital-audio>
    <digital-video></digital-video>
    <other-electronic-inventory-formats></other-electronic-inventory-formats>
    <records-not-inventoried>70</records-not-inventoried>
  </collection>
  <rfp>
    <id type="integer">195</id>
    <broadcaster type="boolean" nil="true"></broadcaster>
    <user-id type="integer" nil="true"></user-id>
    <organization-id type="integer">200</organization-id>
    <format nil="true"></format>
    <capacity nil="true"></capacity>
    <signature-file-name nil="true"></signature-file-name>
    <signature-content-type nil="true"></signature-content-type>
    <signature-file-size type="integer" nil="true"></signature-file-size>
    <signature-updated-at type="datetime" nil="true"></signature-updated-at>
    <budget-file-name>WFYI_budget.xls</budget-file-name>
    <budget-content-type>application/vnd.ms-excel</budget-content-type>
    <budget-file-size type="integer">38912</budget-file-size>
    <budget-updated-at type="datetime">2011-12-19T17:13:53Z</budget-updated-at>
    <created-at type="datetime">2011-12-19T17:13:53Z</created-at>
    <updated-at type="datetime">2012-08-22T18:40:05Z</updated-at>
    <status>active</status>
    <funded type="boolean">true</funded>
    <funded-amount type="integer">12408</funded-amount>
    <swat type="boolean">false</swat>
    <kickstart type="boolean">false</kickstart>
    <webinar type="boolean">false</webinar>
    <estimated-new-records type="integer">4900</estimated-new-records>
    <estimated-existing-records type="integer">2100</estimated-existing-records>
    <proposal-file-name>WFYI_proposal.pdf</proposal-file-name>
    <proposal-content-type>application/pdf</proposal-content-type>
    <proposal-file-size type="integer">312553</proposal-file-size>
    <proposal-updated-at type="datetime">2011-12-19T17:15:21Z</proposal-updated-at>
    <started-at type="datetime">2002-01-12T00:00:00Z</started-at>
    <ended-at type="datetime">2012-03-16T16:00:00Z</ended-at>
    <nomination-first-priority type="float">140.0</nomination-first-priority>
    <nomination-second-priority type="float">35.0</nomination-second-priority>
  </rfp>
  <users type="array">
    <user>
      <id type="integer">136</id>
      <login>jbrown@wfyi.org</login>
      <email>jbrown@wfyi.org</email>
      <encrypted-password>3b7eeb6c8680f7f4f461066ac6befce176b1b260d32c79f09d42b255e293cb6a08c700a2588f4826090c418b181a7abb336a235e2dc36d535feb638ecef30fbc</encrypted-password>
      <last-search-url nil="true"></last-search-url>
      <last-sign-in-at type="datetime">2012-10-19T11:04:32Z</last-sign-in-at>
      <created-at type="datetime">2010-10-07T17:02:52Z</created-at>
      <updated-at type="datetime">2012-10-19T16:26:00Z</updated-at>
      <password-salt>4A1vRpP8FEHBLVyvMK8j</password-salt>
      <current-sign-in-at type="datetime">2012-10-19T15:51:36Z</current-sign-in-at>
      <name>Jim Brown (records being submitted by Rachael Stoeltje)</name>
      <title>Grant Specialist</title>
      <affiliation>WFYI Public Media</affiliation>
      <phone>317-614-0487</phone>
      <role type="integer">0</role>
      <confirmation-token nil="true"></confirmation-token>
      <confirmed-at type="datetime">2010-10-07T17:02:52Z</confirmed-at>
      <confirmation-sent-at type="datetime">2010-10-07T17:02:52Z</confirmation-sent-at>
      <reset-password-token nil="true"></reset-password-token>
      <remember-token nil="true"></remember-token>
      <remember-created-at type="datetime" nil="true"></remember-created-at>
      <sign-in-count type="integer">39</sign-in-count>
      <current-sign-in-ip>199.8.201.98</current-sign-in-ip>
      <last-sign-in-ip>64.134.174.24</last-sign-in-ip>
      <failed-attemptes type="integer" nil="true"></failed-attemptes>
      <unlock-token nil="true"></unlock-token>
      <locked-at type="datetime" nil="true"></locked-at>
    </user>
  </users>
  <filters type="array"/>
</organization>
