<?xml version="1.0" encoding="UTF-8"?>
<organization>
  <id type="integer">305</id>
  <name>WFCR Foundation</name>
  <address-1>Hampshire House - 131 County Circle</address-1>
  <address-2></address-2>
  <city>Amherst</city>
  <state>MA</state>
  <zip>01003</zip>
  <logo-url nil="true"></logo-url>
  <logo-file-name>scualogo_fat.tif</logo-file-name>
  <logo-content-type>application/tif</logo-content-type>
  <logo-file-size type="integer">4490960</logo-file-size>
  <logo-updated-at type="datetime">2011-01-07T17:53:49Z</logo-updated-at>
  <website>http://wfcr.org</website>
  <metadata nil="true"></metadata>
  <location nil="true"></location>
  <lat type="float">42.3708</lat>
  <lng type="float">-72.5156</lng>
  <contact-id type="integer" nil="true"></contact-id>
  <created-at type="datetime">2011-01-07T17:53:50Z</created-at>
  <updated-at type="datetime">2012-11-04T19:36:49Z</updated-at>
  <public type="boolean" nil="true"></public>
  <size>15 f.t.e.</size>
  <other-industry></other-industry>
  <rfp-status nil="true"></rfp-status>
  <rfp-amount type="float" nil="true"></rfp-amount>
  <persistence-token>BOROpyRd-u8CrKmsxYF7</persistence-token>
  <cpb-id>1438</cpb-id>
  <reindexed-at type="datetime">2012-11-04T19:36:49Z</reindexed-at>
  <collection>
    <id type="integer">158</id>
    <inventory-id type="integer" nil="true"></inventory-id>
    <user-id type="integer" nil="true"></user-id>
    <organization-id type="integer">305</organization-id>
    <extent>5,500</extent>
    <date-range>1960 - 1990</date-range>
    <creators>WFCR and UMASS and 5 Colleges (Amherst, Hampshire, Mt. Holyoke and Smith).  Tapes are of performers, lecturers and other producers.</creators>
    <storage-location></storage-location>
    <storage-onsite type="boolean">true</storage-onsite>
    <storage-offsite type="boolean">false</storage-offsite>
    <storage-onsite-description>It nis archival storage in lower floors of library former building.  This is in an area maintained by the Library's Department of Special Collections.</storage-onsite-description>
    <storage-offsite-description></storage-offsite-description>
    <records-inventoried type="integer">8</records-inventoried>
    <records-inventoried-electronic type="integer">0</records-inventoried-electronic>
    <inventory-comments></inventory-comments>
    <inventory-record-file-name nil="true"></inventory-record-file-name>
    <inventory-record-content-type nil="true"></inventory-record-content-type>
    <inventory-record-file-size type="integer" nil="true"></inventory-record-file-size>
    <inventory-record-updated-at type="datetime" nil="true"></inventory-record-updated-at>
    <ancilliary-material>There are a small number of paper records for WFCR maintained in the Library's Special Collections Department.</ancilliary-material>
    <photo-file-name nil="true"></photo-file-name>
    <photo-content-type nil="true"></photo-content-type>
    <photo-file-size type="integer" nil="true"></photo-file-size>
    <photo-updated-at type="datetime" nil="true"></photo-updated-at>
    <created-at type="datetime">2011-01-20T18:38:31Z</created-at>
    <updated-at type="datetime">2011-01-20T18:38:31Z</updated-at>
    <extent-method>We recently had a student survey the collection and make an estimate on a sample.</extent-method>
    <digital-extent nil="true"></digital-extent>
    <other-formats></other-formats>
    <digital-audio></digital-audio>
    <digital-video></digital-video>
    <other-electronic-inventory-formats></other-electronic-inventory-formats>
    <records-not-inventoried>92</records-not-inventoried>
  </collection>
  <rfp>
    <id type="integer">168</id>
    <broadcaster type="boolean" nil="true"></broadcaster>
    <user-id type="integer" nil="true"></user-id>
    <organization-id type="integer">305</organization-id>
    <format nil="true"></format>
    <capacity nil="true"></capacity>
    <signature-file-name nil="true"></signature-file-name>
    <signature-content-type nil="true"></signature-content-type>
    <signature-file-size type="integer" nil="true"></signature-file-size>
    <signature-updated-at type="datetime" nil="true"></signature-updated-at>
    <budget-file-name>WFCR_Foundation_proposal.pdf</budget-file-name>
    <budget-content-type>application/pdf</budget-content-type>
    <budget-file-size type="integer">194491</budget-file-size>
    <budget-updated-at type="datetime">2011-04-12T19:56:08Z</budget-updated-at>
    <created-at type="datetime">2011-04-12T19:56:08Z</created-at>
    <updated-at type="datetime">2012-08-22T18:47:42Z</updated-at>
    <status>active</status>
    <funded type="boolean">true</funded>
    <funded-amount type="integer">16500</funded-amount>
    <swat type="boolean">false</swat>
    <kickstart type="boolean">false</kickstart>
    <webinar type="boolean">false</webinar>
    <estimated-new-records type="integer">5500</estimated-new-records>
    <estimated-existing-records type="integer">0</estimated-existing-records>
    <proposal-file-name>WFCR_Foundation_proposal.pdf</proposal-file-name>
    <proposal-content-type>application/pdf</proposal-content-type>
    <proposal-file-size type="integer">194491</proposal-file-size>
    <proposal-updated-at type="datetime">2011-04-12T19:56:31Z</proposal-updated-at>
    <started-at type="datetime">2011-08-01T00:00:00Z</started-at>
    <ended-at type="datetime">2012-03-05T17:00:00Z</ended-at>
    <nomination-first-priority type="float">91.0</nomination-first-priority>
    <nomination-second-priority type="float">23.0</nomination-second-priority>
  </rfp>
  <users type="array">
    <user>
      <id type="integer">439</id>
      <login>rscox@library.umass.edu</login>
      <email>rscox@library.umass.edu</email>
      <encrypted-password>ad07bbb1a1ff595c59d863c007deecad0d714b97a8bc4cde2986e355c64fe70cb30e890673a5ac7482523044fc42ec23fd81a682b50dc74f165d205a43c5655d</encrypted-password>
      <last-search-url nil="true"></last-search-url>
      <last-sign-in-at type="datetime">2012-09-12T10:39:27Z</last-sign-in-at>
      <created-at type="datetime">2011-01-07T17:53:49Z</created-at>
      <updated-at type="datetime">2012-10-03T10:22:58Z</updated-at>
      <password-salt>VME47As13c1Mi8Ub2uSf</password-salt>
      <current-sign-in-at type="datetime">2012-10-03T10:22:58Z</current-sign-in-at>
      <name>Robert S. Cox</name>
      <title>Head</title>
      <affiliation>Special Collections and University Archives</affiliation>
      <phone>413-545-6842</phone>
      <role type="integer">0</role>
      <confirmation-token nil="true"></confirmation-token>
      <confirmed-at type="datetime">2011-01-07T17:53:49Z</confirmed-at>
      <confirmation-sent-at type="datetime">2011-01-07T17:53:49Z</confirmation-sent-at>
      <reset-password-token>ChA8PHch2jZnmMqznDdM</reset-password-token>
      <remember-token nil="true"></remember-token>
      <remember-created-at type="datetime" nil="true"></remember-created-at>
      <sign-in-count type="integer">9</sign-in-count>
      <current-sign-in-ip>128.119.169.196</current-sign-in-ip>
      <last-sign-in-ip>128.119.169.196</last-sign-in-ip>
      <failed-attemptes type="integer" nil="true"></failed-attemptes>
      <unlock-token nil="true"></unlock-token>
      <locked-at type="datetime" nil="true"></locked-at>
    </user>
  </users>
  <filters type="array"/>
</organization>
