<?xml version="1.0" encoding="UTF-8"?>
<organization>
  <id type="integer">224</id>
  <name>Boulder Community Broadcast Association, Inc.  dba KGNU</name>
  <address-1>4700 Walnut St.</address-1>
  <address-2></address-2>
  <city>Boulder</city>
  <state>CO</state>
  <zip>80301</zip>
  <logo-url nil="true"></logo-url>
  <logo-file-name>kgnu-logo-blue-RGB.jpg</logo-file-name>
  <logo-content-type>image/pjpeg</logo-content-type>
  <logo-file-size type="integer">48176</logo-file-size>
  <logo-updated-at type="datetime">2010-12-01T21:10:33Z</logo-updated-at>
  <website>www.kgnu.org</website>
  <metadata>&lt;?xml version="1.0" encoding="UTF-8"?&gt;
&lt;stations version="0.93"&gt;
  &lt;title&gt;KGNU&lt;/title&gt;
  &lt;message id="401" level="warning"&gt;
    &lt;text&gt;There were no results that matched your query criteria.&lt;/text&gt;
    &lt;timestamp&gt;1291237784.86&lt;/timestamp&gt;
  &lt;/message&gt;
  &lt;station/&gt;
&lt;/stations&gt;
</metadata>
  <location nil="true"></location>
  <lat type="float">40.0194</lat>
  <lng type="float">-105.244</lng>
  <contact-id type="integer" nil="true"></contact-id>
  <created-at type="datetime">2010-12-01T21:09:45Z</created-at>
  <updated-at type="datetime">2012-11-04T16:28:54Z</updated-at>
  <public type="boolean" nil="true"></public>
  <size>6.5 FTE</size>
  <other-industry></other-industry>
  <rfp-status nil="true"></rfp-status>
  <rfp-amount type="float" nil="true"></rfp-amount>
  <persistence-token>zO_KEVj5D3bCipXeTEkX</persistence-token>
  <cpb-id>1323</cpb-id>
  <reindexed-at type="datetime">2012-11-04T16:28:54Z</reindexed-at>
  <collection>
    <id type="integer">86</id>
    <inventory-id type="integer" nil="true"></inventory-id>
    <user-id type="integer" nil="true"></user-id>
    <organization-id type="integer">224</organization-id>
    <extent>3000</extent>
    <date-range>1978-2009</date-range>
    <creators>KGNU producers and former KGNU producers, local &amp; national arts organizations, independent producers</creators>
    <storage-location></storage-location>
    <storage-onsite type="boolean">true</storage-onsite>
    <storage-offsite type="boolean">false</storage-offsite>
    <storage-onsite-description>Physical archives are stored in various rooms inside our main Boulder building, rooms are heated and air conditioned but there is no humidity control.  Digital files are on various hard drives.</storage-onsite-description>
    <storage-offsite-description></storage-offsite-description>
    <records-inventoried type="integer">0</records-inventoried>
    <records-inventoried-electronic type="integer">0</records-inventoried-electronic>
    <inventory-comments>no electronic inventory</inventory-comments>
    <inventory-record-file-name nil="true"></inventory-record-file-name>
    <inventory-record-content-type nil="true"></inventory-record-content-type>
    <inventory-record-file-size type="integer" nil="true"></inventory-record-file-size>
    <inventory-record-updated-at type="datetime" nil="true"></inventory-record-updated-at>
    <ancilliary-material></ancilliary-material>
    <photo-file-name nil="true"></photo-file-name>
    <photo-content-type nil="true"></photo-content-type>
    <photo-file-size type="integer" nil="true"></photo-file-size>
    <photo-updated-at type="datetime" nil="true"></photo-updated-at>
    <created-at type="datetime">2010-12-01T21:44:10Z</created-at>
    <updated-at type="datetime">2011-01-25T19:05:17Z</updated-at>
    <extent-method>Counting tape boxes and multiplying, collecting file data from hard drives</extent-method>
    <digital-extent nil="true"></digital-extent>
    <other-formats></other-formats>
    <digital-audio>100 GB</digital-audio>
    <digital-video></digital-video>
    <other-electronic-inventory-formats></other-electronic-inventory-formats>
    <records-not-inventoried>100</records-not-inventoried>
  </collection>
  <rfp>
    <id type="integer">77</id>
    <broadcaster type="boolean" nil="true"></broadcaster>
    <user-id type="integer" nil="true"></user-id>
    <organization-id type="integer">224</organization-id>
    <format nil="true"></format>
    <capacity nil="true"></capacity>
    <signature-file-name nil="true"></signature-file-name>
    <signature-content-type nil="true"></signature-content-type>
    <signature-file-size type="integer" nil="true"></signature-file-size>
    <signature-updated-at type="datetime" nil="true"></signature-updated-at>
    <budget-file-name>KGNU project budget.doc</budget-file-name>
    <budget-content-type>application/octet-stream</budget-content-type>
    <budget-file-size type="integer">25600</budget-file-size>
    <budget-updated-at type="datetime">2011-01-25T19:19:48Z</budget-updated-at>
    <created-at type="datetime">2011-01-25T19:19:48Z</created-at>
    <updated-at type="datetime">2012-08-22T18:14:36Z</updated-at>
    <status>active</status>
    <funded type="boolean">true</funded>
    <funded-amount type="integer">7498</funded-amount>
    <swat type="boolean">false</swat>
    <kickstart type="boolean">false</kickstart>
    <webinar type="boolean">false</webinar>
    <estimated-new-records type="integer">3000</estimated-new-records>
    <estimated-existing-records type="integer">0</estimated-existing-records>
    <proposal-file-name>KGNU_proposal.pdf</proposal-file-name>
    <proposal-content-type>application/pdf</proposal-content-type>
    <proposal-file-size type="integer">163457</proposal-file-size>
    <proposal-updated-at type="datetime">2011-04-12T13:49:20Z</proposal-updated-at>
    <started-at type="datetime">2011-07-15T00:00:00Z</started-at>
    <ended-at type="datetime">2011-10-31T16:00:00Z</ended-at>
    <nomination-first-priority type="float">54.0</nomination-first-priority>
    <nomination-second-priority type="float">14.0</nomination-second-priority>
  </rfp>
  <users type="array">
    <user>
      <id type="integer">339</id>
      <login>sam@kgnu.org</login>
      <email>sam@kgnu.org</email>
      <encrypted-password>e17fceb66a7d52f898125cbc2645ac083ca693a5261c714445c21a5a18c9b172761a8b37b110b9b018483c7fe6a246e22bec4a434ff9903ee0f6121bf542f184</encrypted-password>
      <last-search-url nil="true"></last-search-url>
      <last-sign-in-at type="datetime">2011-01-06T18:29:45Z</last-sign-in-at>
      <created-at type="datetime">2010-12-01T21:05:22Z</created-at>
      <updated-at type="datetime">2011-01-25T17:19:22Z</updated-at>
      <password-salt>AO4D9RMTrC0LMcaUVTEN</password-salt>
      <current-sign-in-at type="datetime">2011-01-25T17:19:22Z</current-sign-in-at>
      <name>Sam Fuqua</name>
      <title>Station Manager</title>
      <affiliation>KGNU-AM/FM</affiliation>
      <phone>303-449-4885</phone>
      <role type="integer">0</role>
      <confirmation-token nil="true"></confirmation-token>
      <confirmed-at type="datetime">2010-12-01T21:05:22Z</confirmed-at>
      <confirmation-sent-at type="datetime">2010-12-01T21:05:22Z</confirmation-sent-at>
      <reset-password-token nil="true"></reset-password-token>
      <remember-token nil="true"></remember-token>
      <remember-created-at type="datetime" nil="true"></remember-created-at>
      <sign-in-count type="integer" nil="true"></sign-in-count>
      <current-sign-in-ip nil="true"></current-sign-in-ip>
      <last-sign-in-ip nil="true"></last-sign-in-ip>
      <failed-attemptes type="integer" nil="true"></failed-attemptes>
      <unlock-token nil="true"></unlock-token>
      <locked-at type="datetime" nil="true"></locked-at>
    </user>
    <user>
      <id type="integer">679</id>
      <login>cor4828@comcast.net</login>
      <email>cor4828@comcast.net</email>
      <encrypted-password>261df75b8b1318e28581ad53a8ad2a90e30e13c2e4fa346d4f312aa80997eb833380d4db43d915275032880571ce1fe280802d1f7e59bee5830df232ae604ee4</encrypted-password>
      <last-search-url nil="true"></last-search-url>
      <last-sign-in-at type="datetime">2012-10-25T17:06:23Z</last-sign-in-at>
      <created-at type="datetime">2011-07-11T14:31:41Z</created-at>
      <updated-at type="datetime">2012-10-25T23:27:21Z</updated-at>
      <password-salt>8KJ4N51VIeliwswJoXMj</password-salt>
      <current-sign-in-at type="datetime">2012-10-25T23:27:21Z</current-sign-in-at>
      <name>Chris O'Riley</name>
      <title>Secretary, Board of Directors</title>
      <affiliation>KGNU</affiliation>
      <phone>303-442-2762</phone>
      <role type="integer">0</role>
      <confirmation-token nil="true"></confirmation-token>
      <confirmed-at type="datetime">2011-07-11T14:31:41Z</confirmed-at>
      <confirmation-sent-at type="datetime">2011-07-11T14:31:41Z</confirmation-sent-at>
      <reset-password-token nil="true"></reset-password-token>
      <remember-token nil="true"></remember-token>
      <remember-created-at type="datetime" nil="true"></remember-created-at>
      <sign-in-count type="integer">11</sign-in-count>
      <current-sign-in-ip>71.229.207.187</current-sign-in-ip>
      <last-sign-in-ip>71.229.207.187</last-sign-in-ip>
      <failed-attemptes type="integer" nil="true"></failed-attemptes>
      <unlock-token nil="true"></unlock-token>
      <locked-at type="datetime" nil="true"></locked-at>
    </user>
  </users>
  <filters type="array">
    <filter>
      <id type="integer">81</id>
      <name>Digital Formats</name>
      <priority type="integer">0</priority>
      <data></data>
      <class-name>AmericanArchive::Filters::BoulderCommBcast</class-name>
      <organization-id type="integer">224</organization-id>
      <created-at type="datetime">2012-09-22T14:02:44Z</created-at>
      <updated-at type="datetime">2012-09-22T14:02:44Z</updated-at>
    </filter>
  </filters>
</organization>
