<?xml version="1.0" encoding="UTF-8"?>
<organization>
  <id type="integer">345</id>
  <name>WUMB Radio</name>
  <address-1>UMass Boston</address-1>
  <address-2>100 Morrissey Blvd</address-2>
  <city>Boston</city>
  <state>MA</state>
  <zip>02125</zip>
  <logo-url nil="true"></logo-url>
  <logo-file-name>wumblog300.JPG</logo-file-name>
  <logo-content-type>image/pjpeg</logo-content-type>
  <logo-file-size type="integer">10018</logo-file-size>
  <logo-updated-at type="datetime">2011-01-24T02:53:58Z</logo-updated-at>
  <website>www.wumb.org</website>
  <metadata>&lt;?xml version="1.0" encoding="UTF-8"?&gt;
&lt;stations version="0.93"&gt;
  &lt;title&gt;WUMB&lt;/title&gt;
  &lt;station id="656"&gt;
    &lt;callLetters&gt;WUMB&lt;/callLetters&gt;
    &lt;band&gt;FM&lt;/band&gt;
    &lt;name&gt;WUMB-FM&lt;/name&gt;
    &lt;memberStatus&gt;Member&lt;/memberStatus&gt;
    &lt;frequency&gt;91.9&lt;/frequency&gt;
    &lt;marketCity&gt;Boston&lt;/marketCity&gt;
    &lt;state&gt;MA&lt;/state&gt;
    &lt;url typeId="1" type="Organization Home Page" title="WUMB-FM Homepage"&gt;http://www.wumb.org&lt;/url&gt;
    &lt;url typeId="2" type="Program Schedule" title="Program Schedule"&gt;http://www.wumb.org/programs/schedule.php&lt;/url&gt;
    &lt;url typeId="4" type="Pledge Page" title="Support"&gt;http://wumb.org/sitemap/sitemap.php?menuid=4&lt;/url&gt;
    &lt;image type="logo"&gt;http://media.npr.org/images/stations/logos/wumb_fm.gif&lt;/image&gt;
    &lt;tagline&gt;Boston's NPR Music Station&lt;/tagline&gt;
    &lt;orgDisplayName&gt;WUMB&lt;/orgDisplayName&gt;
  &lt;/station&gt;
&lt;/stations&gt;
</metadata>
  <location nil="true"></location>
  <lat type="float">42.3196</lat>
  <lng type="float">-71.0473</lng>
  <contact-id type="integer" nil="true"></contact-id>
  <created-at type="datetime">2011-01-24T02:55:05Z</created-at>
  <updated-at type="datetime">2012-10-26T02:18:19Z</updated-at>
  <public type="boolean" nil="true"></public>
  <size>9</size>
  <other-industry></other-industry>
  <rfp-status nil="true"></rfp-status>
  <rfp-amount type="float" nil="true"></rfp-amount>
  <persistence-token>nC8eeK7SQ8HpqObZ5rHF</persistence-token>
  <cpb-id>1441</cpb-id>
  <reindexed-at type="datetime">2012-10-26T02:18:19Z</reindexed-at>
  <collection>
    <id type="integer">202</id>
    <inventory-id type="integer" nil="true"></inventory-id>
    <user-id type="integer" nil="true"></user-id>
    <organization-id type="integer">345</organization-id>
    <extent>3,250</extent>
    <date-range>1982-2010</date-range>
    <creators>WUMB Radio current and former staff for all but 150 pieces of audio, as well as 100 video.  
UMass Boston staff as follows:
* Mass Memories Road Show - 150 audio
* Special events at UMass Boston campus including commencement speakers, workshop participants, lecturers as recorded and provided by campus IT department - 400 video
* MA Corp for Educational TV, K-12 lessons on various subjects as provided by UMass Healey Library from donation of materials - 400 video
</creators>
    <storage-location></storage-location>
    <storage-onsite type="boolean">true</storage-onsite>
    <storage-offsite type="boolean">false</storage-offsite>
    <storage-onsite-description>On shelves, in boxes, in file cabinet drawers in various offices and storage locations at UMass Boston</storage-onsite-description>
    <storage-offsite-description></storage-offsite-description>
    <records-inventoried type="integer">20</records-inventoried>
    <records-inventoried-electronic type="integer">17</records-inventoried-electronic>
    <inventory-comments>Many of the electronic inventories have incomplete, but easy to access data in separate files/locations on site such as in catalogues/programmes describing the material</inventory-comments>
    <inventory-record-file-name nil="true"></inventory-record-file-name>
    <inventory-record-content-type nil="true"></inventory-record-content-type>
    <inventory-record-file-size type="integer" nil="true"></inventory-record-file-size>
    <inventory-record-updated-at type="datetime" nil="true"></inventory-record-updated-at>
    <ancilliary-material>* Contracts/releases from performers and teachers
* Programme books
* Catalogues
* Conference proceedings
* Images/photos
* Web sites</ancilliary-material>
    <photo-file-name nil="true"></photo-file-name>
    <photo-content-type nil="true"></photo-content-type>
    <photo-file-size type="integer" nil="true"></photo-file-size>
    <photo-updated-at type="datetime" nil="true"></photo-updated-at>
    <created-at type="datetime">2011-01-31T15:40:33Z</created-at>
    <updated-at type="datetime">2011-03-24T14:46:24Z</updated-at>
    <extent-method>For video, near actual accounts based on information provided by material holders. For audio, a guesstimate based on multiplying the number of CDs and tapes on shelves and in boxes</extent-method>
    <digital-extent nil="true"></digital-extent>
    <other-formats></other-formats>
    <digital-audio>75%</digital-audio>
    <digital-video>10%</digital-video>
    <other-electronic-inventory-formats></other-electronic-inventory-formats>
    <records-not-inventoried>63</records-not-inventoried>
  </collection>
  <rfp>
    <id type="integer">128</id>
    <broadcaster type="boolean" nil="true"></broadcaster>
    <user-id type="integer" nil="true"></user-id>
    <organization-id type="integer">345</organization-id>
    <format nil="true"></format>
    <capacity nil="true"></capacity>
    <signature-file-name>WUMB-Archives-SigForm.pdf</signature-file-name>
    <signature-content-type>application/pdf</signature-content-type>
    <signature-file-size type="integer">286227</signature-file-size>
    <signature-updated-at type="datetime">2011-01-31T21:24:54Z</signature-updated-at>
    <budget-file-name>American Archive Content Inventory Project - budget.doc</budget-file-name>
    <budget-content-type>application/msword</budget-content-type>
    <budget-file-size type="integer">27648</budget-file-size>
    <budget-updated-at type="datetime">2011-01-31T21:24:54Z</budget-updated-at>
    <created-at type="datetime">2011-01-31T21:24:54Z</created-at>
    <updated-at type="datetime">2012-08-22T18:48:37Z</updated-at>
    <status>active</status>
    <funded type="boolean">true</funded>
    <funded-amount type="integer">8236</funded-amount>
    <swat type="boolean">false</swat>
    <kickstart type="boolean">false</kickstart>
    <webinar type="boolean">false</webinar>
    <estimated-new-records type="integer">2700</estimated-new-records>
    <estimated-existing-records type="integer">550</estimated-existing-records>
    <proposal-file-name>WUMB_proposal.pdf</proposal-file-name>
    <proposal-content-type>application/pdf</proposal-content-type>
    <proposal-file-size type="integer">336922</proposal-file-size>
    <proposal-updated-at type="datetime">2011-04-12T14:58:17Z</proposal-updated-at>
    <started-at type="datetime">2011-09-01T00:00:00Z</started-at>
    <ended-at type="datetime">2011-11-30T17:00:00Z</ended-at>
    <nomination-first-priority type="float">70.0</nomination-first-priority>
    <nomination-second-priority type="float">18.0</nomination-second-priority>
  </rfp>
  <users type="array">
    <user>
      <id type="integer">493</id>
      <login>pat.monteith@umb.edu</login>
      <email>pat.monteith@umb.edu</email>
      <encrypted-password>f150213b3f83edb5f076b0c2cfa45df980ab20c09813a4a3e09765f0a4846d92a53426df8591c2bba418a1098b57650f61b951ec8d455765552c7db5b4a2584d</encrypted-password>
      <last-search-url nil="true"></last-search-url>
      <last-sign-in-at type="datetime">2012-10-15T15:50:55Z</last-sign-in-at>
      <created-at type="datetime">2011-01-24T02:53:58Z</created-at>
      <updated-at type="datetime">2012-10-18T16:19:38Z</updated-at>
      <password-salt>SYRusuRQzXqicp2OUNDA</password-salt>
      <current-sign-in-at type="datetime">2012-10-18T16:19:38Z</current-sign-in-at>
      <name>Patricia Monteith</name>
      <title>General Manager</title>
      <affiliation>WUMB Radio</affiliation>
      <phone>617-287-6900</phone>
      <role type="integer">0</role>
      <confirmation-token nil="true"></confirmation-token>
      <confirmed-at type="datetime">2011-01-24T02:53:58Z</confirmed-at>
      <confirmation-sent-at type="datetime">2011-01-24T02:53:58Z</confirmation-sent-at>
      <reset-password-token nil="true"></reset-password-token>
      <remember-token nil="true"></remember-token>
      <remember-created-at type="datetime" nil="true"></remember-created-at>
      <sign-in-count type="integer">6</sign-in-count>
      <current-sign-in-ip>76.24.174.80</current-sign-in-ip>
      <last-sign-in-ip>76.24.174.80</last-sign-in-ip>
      <failed-attemptes type="integer" nil="true"></failed-attemptes>
      <unlock-token nil="true"></unlock-token>
      <locked-at type="datetime" nil="true"></locked-at>
    </user>
    <user>
      <id type="integer">1787</id>
      <login>joanne.riley@umb.edu</login>
      <email>joanne.riley@umb.edu</email>
      <encrypted-password>573fdc71dfb5421bb6905cbe75b35bf3229ed990ddf79b4fa59c65beefc84a48d3b77e40e14ac2df0ad71b9694edaf4da06a1e2bbc0752bedc26edc8bd21dacd</encrypted-password>
      <last-search-url nil="true"></last-search-url>
      <last-sign-in-at type="datetime">2012-08-28T20:26:52Z</last-sign-in-at>
      <created-at type="datetime">2012-07-25T19:05:48Z</created-at>
      <updated-at type="datetime">2012-08-28T21:11:11Z</updated-at>
      <password-salt>Yx39ZWu8xGAJVhsewvbU</password-salt>
      <current-sign-in-at type="datetime">2012-08-28T20:28:57Z</current-sign-in-at>
      <name>Joanne Riley</name>
      <title>University Archivist</title>
      <affiliation>University Archives and Special Collections, UMass Boston</affiliation>
      <phone>617-287-5927</phone>
      <role type="integer">0</role>
      <confirmation-token nil="true"></confirmation-token>
      <confirmed-at type="datetime" nil="true"></confirmed-at>
      <confirmation-sent-at type="datetime" nil="true"></confirmation-sent-at>
      <reset-password-token nil="true"></reset-password-token>
      <remember-token>AKgq1UWjpmx6x7c2D96g</remember-token>
      <remember-created-at type="datetime">2012-08-28T20:28:57Z</remember-created-at>
      <sign-in-count type="integer">3</sign-in-count>
      <current-sign-in-ip>158.121.194.146</current-sign-in-ip>
      <last-sign-in-ip>158.121.194.146</last-sign-in-ip>
      <failed-attemptes type="integer" nil="true"></failed-attemptes>
      <unlock-token nil="true"></unlock-token>
      <locked-at type="datetime" nil="true"></locked-at>
    </user>
  </users>
  <filters type="array"/>
</organization>
