<?xml version="1.0" encoding="UTF-8"?>
<organization>
  <id type="integer">56</id>
  <name>WJCT</name>
  <address-1>100 Festival Park Avenue</address-1>
  <address-2></address-2>
  <city>Jacksonville</city>
  <state>FL</state>
  <zip>32202</zip>
  <logo-url nil="true"></logo-url>
  <logo-file-name>wjct-horiz.jpg</logo-file-name>
  <logo-content-type>image/pjpeg</logo-content-type>
  <logo-file-size type="integer">793823</logo-file-size>
  <logo-updated-at type="datetime">2010-09-17T18:33:03Z</logo-updated-at>
  <website>www.WJCT.org</website>
  <metadata nil="true"></metadata>
  <location nil="true"></location>
  <lat type="float">30.32</lat>
  <lng type="float">-81.6368</lng>
  <contact-id type="integer">88</contact-id>
  <created-at type="datetime">2010-09-17T18:33:03Z</created-at>
  <updated-at type="datetime">2012-10-31T04:36:27Z</updated-at>
  <public type="boolean" nil="true"></public>
  <size>53</size>
  <other-industry></other-industry>
  <rfp-status nil="true"></rfp-status>
  <rfp-amount type="float" nil="true"></rfp-amount>
  <persistence-token>IuvwzZNlB2COqIUq1dIi</persistence-token>
  <cpb-id>1347</cpb-id>
  <reindexed-at type="datetime">2012-10-31T04:36:27Z</reindexed-at>
  <collection>
    <id type="integer">27</id>
    <inventory-id type="integer" nil="true"></inventory-id>
    <user-id type="integer" nil="true"></user-id>
    <organization-id type="integer">56</organization-id>
    <extent>10,500</extent>
    <date-range>1965-2010</date-range>
    <creators>TV Producers: Rich Conner, Monroe Cambell, Dick Brown, Bill Whether, Tom Bronokoski, Lisa Buggs, David Luckin, Aimme Jones, John Osif, Chris McFall, Kate Johnson, Sherry Spearman, Stephen Jones, Christina Grimsley, Karen Feagins, Robert Bailie, Don Agnew, Kristin Valis, Sam Farmer, Ellyne Lonergan, Van Jones, Wayne Fung, Dan Kossoff, Vic Digenti, Mike Joseph, John Rex, Glenn Coad, Dan Stewart
Radio Producers: David Anderson, Carolyn Techner, Leah Flemming, Josh Stewart, Lucy Napathanchil, Alyssa Zamora, Tom Patton, Kevin Meerschaert, Scott Kim, Steve Brown, Cristin Wilson, Melissa Ross, Nicole Back, Jim Riley, Lee Young, Karen Feagins, Landon Walker, Greg White</creators>
    <storage-location></storage-location>
    <storage-onsite type="boolean">true</storage-onsite>
    <storage-offsite type="boolean">false</storage-offsite>
    <storage-onsite-description>filing cabintes, storage closets, offices, cubicals, edit suites, storage room (vault), computer servers</storage-onsite-description>
    <storage-offsite-description></storage-offsite-description>
    <records-inventoried type="integer">0</records-inventoried>
    <records-inventoried-electronic type="integer">10</records-inventoried-electronic>
    <inventory-comments>no</inventory-comments>
    <inventory-record-file-name nil="true"></inventory-record-file-name>
    <inventory-record-content-type nil="true"></inventory-record-content-type>
    <inventory-record-file-size type="integer" nil="true"></inventory-record-file-size>
    <inventory-record-updated-at type="datetime" nil="true"></inventory-record-updated-at>
    <ancilliary-material>contact sheets, negatives, slides, photos and digital photos (mid 1960's-2010)
newspaper and magazine clippings (1958-2010)
WJCT magazine (1968-2009)
press kits and programs (1980-2010)</ancilliary-material>
    <photo-file-name nil="true"></photo-file-name>
    <photo-content-type nil="true"></photo-content-type>
    <photo-file-size type="integer" nil="true"></photo-file-size>
    <photo-updated-at type="datetime" nil="true"></photo-updated-at>
    <created-at type="datetime">2010-10-05T19:39:08Z</created-at>
    <updated-at type="datetime">2010-10-05T20:06:58Z</updated-at>
    <extent-method>counting in various locations and search on ProTrack (some may still exist on ProTrack but were not identified as WJCT productions)</extent-method>
    <digital-extent nil="true"></digital-extent>
    <other-formats>Mini DV; optical disc; Digital videotape=DVC Pro</other-formats>
    <digital-audio>862 hrs.</digital-audio>
    <digital-video>2 hrs.</digital-video>
    <other-electronic-inventory-formats>few handwritten inventory lists</other-electronic-inventory-formats>
    <records-not-inventoried nil="true"></records-not-inventoried>
  </collection>
  <rfp>
    <id type="integer">192</id>
    <broadcaster type="boolean" nil="true"></broadcaster>
    <user-id type="integer" nil="true"></user-id>
    <organization-id type="integer">56</organization-id>
    <format nil="true"></format>
    <capacity nil="true"></capacity>
    <signature-file-name>WJCT_signatures_new.pdf</signature-file-name>
    <signature-content-type>application/pdf</signature-content-type>
    <signature-file-size type="integer">63455</signature-file-size>
    <signature-updated-at type="datetime">2011-11-04T17:42:12Z</signature-updated-at>
    <budget-file-name>WJCT_budget.xls</budget-file-name>
    <budget-content-type>application/vnd.ms-excel</budget-content-type>
    <budget-file-size type="integer">37888</budget-file-size>
    <budget-updated-at type="datetime">2011-11-04T17:42:12Z</budget-updated-at>
    <created-at type="datetime">2011-11-04T17:42:12Z</created-at>
    <updated-at type="datetime">2012-08-22T18:29:25Z</updated-at>
    <status>active</status>
    <funded type="boolean">true</funded>
    <funded-amount type="integer">28455</funded-amount>
    <swat type="boolean">false</swat>
    <kickstart type="boolean">false</kickstart>
    <webinar type="boolean">false</webinar>
    <estimated-new-records type="integer">9450</estimated-new-records>
    <estimated-existing-records type="integer">1050</estimated-existing-records>
    <proposal-file-name nil="true"></proposal-file-name>
    <proposal-content-type nil="true"></proposal-content-type>
    <proposal-file-size type="integer" nil="true"></proposal-file-size>
    <proposal-updated-at type="datetime" nil="true"></proposal-updated-at>
    <started-at type="datetime" nil="true"></started-at>
    <ended-at type="datetime">2011-03-31T16:00:00Z</ended-at>
    <nomination-first-priority type="float">165.0</nomination-first-priority>
    <nomination-second-priority type="float">41.0</nomination-second-priority>
  </rfp>
  <users type="array">
    <user>
      <id type="integer">889</id>
      <login>gypsyelib@gmail.com</login>
      <email>gypsyelib@gmail.com</email>
      <encrypted-password>e077fe77855eb357873493cf7dd269254fbf5e742a7346d37938a143e85f0bb4b127e390d850ac68f5149d23c6501d166b82134a9be6f6b9aa731cc8f77f1890</encrypted-password>
      <last-search-url nil="true"></last-search-url>
      <last-sign-in-at type="datetime">2012-06-18T16:08:00Z</last-sign-in-at>
      <created-at type="datetime">2012-03-12T15:17:02Z</created-at>
      <updated-at type="datetime">2012-10-02T12:59:07Z</updated-at>
      <password-salt>uUy7YfptXBWstH7JjpSx</password-salt>
      <current-sign-in-at type="datetime">2012-10-02T12:59:07Z</current-sign-in-at>
      <name nil="true"></name>
      <title nil="true"></title>
      <affiliation nil="true"></affiliation>
      <phone nil="true"></phone>
      <role type="integer">0</role>
      <confirmation-token nil="true"></confirmation-token>
      <confirmed-at type="datetime" nil="true"></confirmed-at>
      <confirmation-sent-at type="datetime" nil="true"></confirmation-sent-at>
      <reset-password-token nil="true"></reset-password-token>
      <remember-token nil="true"></remember-token>
      <remember-created-at type="datetime" nil="true"></remember-created-at>
      <sign-in-count type="integer">11</sign-in-count>
      <current-sign-in-ip>167.7.218.173</current-sign-in-ip>
      <last-sign-in-ip>167.7.218.121</last-sign-in-ip>
      <failed-attemptes type="integer" nil="true"></failed-attemptes>
      <unlock-token nil="true"></unlock-token>
      <locked-at type="datetime" nil="true"></locked-at>
    </user>
    <user>
      <id type="integer">88</id>
      <login>clenoble@wjct.org</login>
      <email>clenoble@wjct.org</email>
      <encrypted-password>dfb92a5695b3c1b4c305e517c887511e0eed61a85e2061bd4116b323e14c2ccde5f7c2acc8f20a2e356e5fdc73c8364dc3b5cdf442ae18de6d25e746a5bd5c3b</encrypted-password>
      <last-search-url nil="true"></last-search-url>
      <last-sign-in-at type="datetime">2012-10-10T22:19:53Z</last-sign-in-at>
      <created-at type="datetime">2010-09-17T18:33:03Z</created-at>
      <updated-at type="datetime">2012-10-11T01:29:38Z</updated-at>
      <password-salt>SaEowgD3MYsg59jxNzaM</password-salt>
      <current-sign-in-at type="datetime">2012-10-10T23:52:19Z</current-sign-in-at>
      <name>Circe LeNoble</name>
      <title>Grants Manager</title>
      <affiliation>WJCT</affiliation>
      <phone>904-358-6329</phone>
      <role type="integer">0</role>
      <confirmation-token nil="true"></confirmation-token>
      <confirmed-at type="datetime">2010-09-17T18:33:03Z</confirmed-at>
      <confirmation-sent-at type="datetime">2010-09-17T18:33:03Z</confirmation-sent-at>
      <reset-password-token nil="true"></reset-password-token>
      <remember-token nil="true"></remember-token>
      <remember-created-at type="datetime" nil="true"></remember-created-at>
      <sign-in-count type="integer">45</sign-in-count>
      <current-sign-in-ip>99.114.132.78</current-sign-in-ip>
      <last-sign-in-ip>66.194.234.126</last-sign-in-ip>
      <failed-attemptes type="integer" nil="true"></failed-attemptes>
      <unlock-token nil="true"></unlock-token>
      <locked-at type="datetime" nil="true"></locked-at>
    </user>
    <user>
      <id type="integer">897</id>
      <login>nate.johnson2010@me.com</login>
      <email>nate.johnson2010@me.com</email>
      <encrypted-password>2890459b0783a13b2225cc6713db436247933b360ebda773fc393b7e98610d6668c2993b3ff77c52584ab05e50484922d857ffdf8be3bcaf9e784ef03fccc607</encrypted-password>
      <last-search-url nil="true"></last-search-url>
      <last-sign-in-at type="datetime">2012-04-23T14:13:57Z</last-sign-in-at>
      <created-at type="datetime">2012-03-21T14:29:43Z</created-at>
      <updated-at type="datetime">2012-04-23T14:15:37Z</updated-at>
      <password-salt>2SmsHj2cJfQ11umsuSbP</password-salt>
      <current-sign-in-at type="datetime">2012-04-23T14:15:37Z</current-sign-in-at>
      <name nil="true"></name>
      <title nil="true"></title>
      <affiliation nil="true"></affiliation>
      <phone nil="true"></phone>
      <role type="integer">0</role>
      <confirmation-token nil="true"></confirmation-token>
      <confirmed-at type="datetime" nil="true"></confirmed-at>
      <confirmation-sent-at type="datetime" nil="true"></confirmation-sent-at>
      <reset-password-token nil="true"></reset-password-token>
      <remember-token>nZjjg77PgufjGFxyzWyN</remember-token>
      <remember-created-at type="datetime">2012-04-19T14:13:03Z</remember-created-at>
      <sign-in-count type="integer">532</sign-in-count>
      <current-sign-in-ip>66.194.234.126</current-sign-in-ip>
      <last-sign-in-ip>66.194.234.126</last-sign-in-ip>
      <failed-attemptes type="integer" nil="true"></failed-attemptes>
      <unlock-token nil="true"></unlock-token>
      <locked-at type="datetime" nil="true"></locked-at>
    </user>
  </users>
  <filters type="array">
    <filter>
      <id type="integer">87</id>
      <name>MediaType Sound</name>
      <priority type="integer">0</priority>
      <data></data>
      <class-name>AmericanArchive::Filters::Wjct</class-name>
      <organization-id type="integer">56</organization-id>
      <created-at type="datetime">2012-09-25T20:18:17Z</created-at>
      <updated-at type="datetime">2012-09-25T20:19:02Z</updated-at>
    </filter>
  </filters>
</organization>
