<?xml version="1.0" encoding="UTF-8"?>
<organization>
  <id type="integer">387</id>
  <name>Hampton Roads Educational Telecommunication Assn., Inc. dba WHRO</name>
  <address-1>5200 Hampton Boulevard</address-1>
  <address-2></address-2>
  <city>Norfolk</city>
  <state>VA</state>
  <zip>23508</zip>
  <logo-url nil="true"></logo-url>
  <logo-file-name>WHRO Logo.docx</logo-file-name>
  <logo-content-type>application/vnd.openxmlformats-officedocument.wordprocessingml.document</logo-content-type>
  <logo-file-size type="integer">365079</logo-file-size>
  <logo-updated-at type="datetime">2011-01-31T22:18:58Z</logo-updated-at>
  <website>www.whro.org</website>
  <metadata>&lt;?xml version="1.0" encoding="UTF-8"?&gt;
&lt;stations version="0.93"&gt;
  &lt;title&gt;WHRO&lt;/title&gt;
  &lt;station id="431"&gt;
    &lt;callLetters&gt;WHRO&lt;/callLetters&gt;
    &lt;band&gt;FM&lt;/band&gt;
    &lt;name&gt;WHRO-FM&lt;/name&gt;
    &lt;memberStatus&gt;Member&lt;/memberStatus&gt;
    &lt;frequency&gt;90.3&lt;/frequency&gt;
    &lt;network orgId="430"&gt;WHRV-FM&lt;/network&gt;
    &lt;marketCity&gt;Norfolk&lt;/marketCity&gt;
    &lt;state&gt;VA&lt;/state&gt;
    &lt;url typeId="1" type="Organization Home Page" title="WHRO-FM Homepage"&gt;http://www.whro.org/home/publicradio/default.htm&lt;/url&gt;
    &lt;url typeId="2" type="Program Schedule" title="Program Schedule"&gt;http://whro.org/home/publicradio/whro/&lt;/url&gt;
    &lt;url typeId="4" type="Pledge Page" title="Support"&gt;https://www.whro.org/home/supportwhro/pledge.htm&lt;/url&gt;
    &lt;url typeId="7" type="Audio Stream" title="The Greatest Classical Music"&gt;http://www.whro.org/home/html/liveradio/903.html&lt;/url&gt;
    &lt;url typeId="7" type="Audio Stream" title="Connoisseur Classics"&gt;http://www.connoisseurclassics.org/live.html&lt;/url&gt;
    &lt;url typeId="7" type="Audio Stream" title="The 1920's Radio Network"&gt;http://www.whro.org/home/html/liveradio/1920s.html&lt;/url&gt;
    &lt;url typeId="7" type="Audio Stream" title="90.3 WHR0-FM "&gt;http://www.whro.org/home/html/liveradio/903.html&lt;/url&gt;
    &lt;url typeId="7" type="Audio Stream" title="90.3 WHR0-FM "&gt;http://64.5.130.40/listen.pls &lt;/url&gt;
    &lt;url typeId="9" type="Podcast" title="Loessin @ Large"&gt;http://www.whro.org/home/html/podcasts/eloessin/podcast2.xml&lt;/url&gt;
    &lt;url typeId="9" type="Podcast" title="Bird Notes"&gt;http://www.whro.org/home/html/podcasts/birdnotes/audio/podcast.xml&lt;/url&gt;
    &lt;url typeId="9" type="Podcast" title="Arts Conversations"&gt;http://www.whro.org/home/html/podcasts/ArtsConversations/podcast.xml&lt;/url&gt;
    &lt;url typeId="10" type="Audio MP3 Stream" title="WHRO Listen Live"&gt;http://64.5.130.40/listen.pls&lt;/url&gt;
    &lt;url typeId="10" type="Audio MP3 Stream" title="The 1920's Radio Network"&gt;http://64.5.130.43/listen.pls&lt;/url&gt;
    &lt;url typeId="10" type="Audio MP3 Stream" title="Connoisseur Classics"&gt;http://64.5.130.46/listen.pls&lt;/url&gt;
    &lt;url typeId="10" type="Audio MP3 Stream" title="90.3 WHR0-FM "&gt;http://64.5.130.40/listen.pls &lt;/url&gt;
    &lt;url typeId="10" type="Audio MP3 Stream" title="90.3 WHR0-FM "&gt;http://64.5.130.40/listen.pls &lt;/url&gt;
    &lt;url typeId="10" type="Audio MP3 Stream" title="The Greatest Classical Music"&gt;http://64.5.130.40/listen.pls&lt;/url&gt;
    &lt;url typeId="11" type="Audio Windows Media Stream" title="WHRO Listen Live"&gt;http://www.whro.org/home/html/liveradio/shoutcast/whro.wax&lt;/url&gt;
    &lt;url typeId="12" type="Audio Real Media Stream" title="WHRO Listen Live"&gt;http://www.whro.org/shoutcast/903.ram&lt;/url&gt;
    &lt;url typeId="12" type="Audio Real Media Stream" title="WHRO Listen Live"&gt;http://www.whro.org/home/html/liveradio/shoutcast/903.ram&lt;/url&gt;
    &lt;image type="logo"&gt;http://media.npr.org/images/stations/logos/whro_fm.gif&lt;/image&gt;
    &lt;tagline&gt;Virginia's Classic Sound&lt;/tagline&gt;
    &lt;orgDisplayName&gt;WHRO&lt;/orgDisplayName&gt;
  &lt;/station&gt;
&lt;/stations&gt;
</metadata>
  <location nil="true"></location>
  <lat type="float">36.8896</lat>
  <lng type="float">-76.3024</lng>
  <contact-id type="integer" nil="true"></contact-id>
  <created-at type="datetime">2011-01-31T16:23:01Z</created-at>
  <updated-at type="datetime">2012-11-05T20:52:51Z</updated-at>
  <public type="boolean" nil="true"></public>
  <size>103</size>
  <other-industry></other-industry>
  <rfp-status nil="true"></rfp-status>
  <rfp-amount type="float" nil="true"></rfp-amount>
  <persistence-token>I2LL2UklDLcyMcxpDjpX</persistence-token>
  <cpb-id>1886</cpb-id>
  <reindexed-at type="datetime">2012-11-05T20:52:51Z</reindexed-at>
  <collection>
    <id type="integer">224</id>
    <inventory-id type="integer" nil="true"></inventory-id>
    <user-id type="integer" nil="true"></user-id>
    <organization-id type="integer">387</organization-id>
    <extent> 6,560</extent>
    <date-range>The dates covered are from 1961 to 2010.</date-range>
    <creators>PBS, NPR, donated collections, archives of regional organizations and associations (local museums, community clubs, etc), military organizations and associations, regional historical societies, libraries, schools, churches, regional historical foundations and colleges and university archives, retired producers, and WHRO members, K-12 and higher education educators, and listeners.</creators>
    <storage-location></storage-location>
    <storage-onsite type="boolean">true</storage-onsite>
    <storage-offsite type="boolean">false</storage-offsite>
    <storage-onsite-description>The tape library is temperature-controlled, state-of-the-art facility.</storage-onsite-description>
    <storage-offsite-description></storage-offsite-description>
    <records-inventoried type="integer">61</records-inventoried>
    <records-inventoried-electronic type="integer">13</records-inventoried-electronic>
    <inventory-comments>All of the electronic inventories are readily accessible.</inventory-comments>
    <inventory-record-file-name>sampleElectronic record-WHRO- Its Your Call.pdf</inventory-record-file-name>
    <inventory-record-content-type>application/pdf</inventory-record-content-type>
    <inventory-record-file-size type="integer">52199</inventory-record-file-size>
    <inventory-record-updated-at type="datetime">2011-01-31T21:24:09Z</inventory-record-updated-at>
    <ancilliary-material>WHRO has a few thousand images, legal files, photographs, production documentation, and ancillary research that has been used for the documentaries that have been produced by WHRO (i.e., Hampton 400; Norfolk 17; the Civil War; Kingdom by the See; Surviving Abundance)</ancilliary-material>
    <photo-file-name>WHRO's Archive Room-2 001.jpg</photo-file-name>
    <photo-content-type>image/pjpeg</photo-content-type>
    <photo-file-size type="integer">1417738</photo-file-size>
    <photo-updated-at type="datetime">2011-01-31T21:24:09Z</photo-updated-at>
    <created-at type="datetime">2011-01-31T20:47:45Z</created-at>
    <updated-at type="datetime">2011-02-24T18:05:31Z</updated-at>
    <extent-method>The program manager, Theresa Sarapata, has spent the past couple of months actually reviewing all (counting number of tapes in boxes on shelves and multiplying that number by the number of shelves) of WHRO's unique audio and video assets more than one year old and less than 50 years old (the amount of time WHRO has been on the air). Unfortunately, time has not permitted us to conduct an exhaustive search of WHRO's assets (in archives/records department, etc) as we would like (we probably have over 5,500 uncounted assets), however, we are certain this is a representative number to produce a comprehensive archive of WHRO's audio and video assets, including the larger venue of educational content we have produced in collaborations with the 18 school districts that own WHRO.</extent-method>
    <digital-extent nil="true"></digital-extent>
    <other-formats></other-formats>
    <digital-audio>1500</digital-audio>
    <digital-video>2000</digital-video>
    <other-electronic-inventory-formats>podcasts, DLT hard drives (800)</other-electronic-inventory-formats>
    <records-not-inventoried>26</records-not-inventoried>
  </collection>
  <rfp>
    <id type="integer">141</id>
    <broadcaster type="boolean" nil="true"></broadcaster>
    <user-id type="integer" nil="true"></user-id>
    <organization-id type="integer">387</organization-id>
    <format nil="true"></format>
    <capacity nil="true"></capacity>
    <signature-file-name>Signature Form.pdf</signature-file-name>
    <signature-content-type>application/pdf</signature-content-type>
    <signature-file-size type="integer">78113</signature-file-size>
    <signature-updated-at type="datetime">2011-01-31T22:48:17Z</signature-updated-at>
    <budget-file-name>Hampton Roads Educational Telecommunications Assn (WHRO) Budget and Justification.docx</budget-file-name>
    <budget-content-type>application/vnd.openxmlformats-officedocument.wordprocessingml.document</budget-content-type>
    <budget-file-size type="integer">13516</budget-file-size>
    <budget-updated-at type="datetime">2011-01-31T22:48:17Z</budget-updated-at>
    <created-at type="datetime">2011-01-31T22:48:17Z</created-at>
    <updated-at type="datetime">2012-08-22T19:50:42Z</updated-at>
    <status>active</status>
    <funded type="boolean">true</funded>
    <funded-amount type="integer">14695</funded-amount>
    <swat type="boolean">false</swat>
    <kickstart type="boolean">false</kickstart>
    <webinar type="boolean">false</webinar>
    <estimated-new-records type="integer">5710</estimated-new-records>
    <estimated-existing-records type="integer">850</estimated-existing-records>
    <proposal-file-name>WHRO_proposal.pdf</proposal-file-name>
    <proposal-content-type>application/pdf</proposal-content-type>
    <proposal-file-size type="integer">214080</proposal-file-size>
    <proposal-updated-at type="datetime">2011-04-12T16:28:33Z</proposal-updated-at>
    <started-at type="datetime">2011-07-15T00:00:00Z</started-at>
    <ended-at type="datetime">2011-10-31T16:00:00Z</ended-at>
    <nomination-first-priority type="float">54.0</nomination-first-priority>
    <nomination-second-priority type="float">14.0</nomination-second-priority>
  </rfp>
  <users type="array">
    <user>
      <id type="integer">536</id>
      <login>theresa.sarapata@whro.org</login>
      <email>theresa.sarapata@whro.org</email>
      <encrypted-password>e64163025cf1144b67fdda4a638f2c54e12f7ce81c59a529ca2684a9d71db7e2c0e914a0a7a0b5404b46305008d9091f70768f8b292214fde28ac1b914876908</encrypted-password>
      <last-search-url nil="true"></last-search-url>
      <last-sign-in-at type="datetime" nil="true"></last-sign-in-at>
      <created-at type="datetime">2011-01-31T16:21:49Z</created-at>
      <updated-at type="datetime">2011-03-02T20:36:47Z</updated-at>
      <password-salt>GSGsOqkx2UlzDRtulQ5e</password-salt>
      <current-sign-in-at type="datetime">2011-01-31T16:55:09Z</current-sign-in-at>
      <name>Theresa Sarapata</name>
      <title>Project Manager</title>
      <affiliation>Engineering</affiliation>
      <phone>757-889-9348</phone>
      <role type="integer">0</role>
      <confirmation-token nil="true"></confirmation-token>
      <confirmed-at type="datetime">2011-01-31T16:21:49Z</confirmed-at>
      <confirmation-sent-at type="datetime">2011-01-31T16:21:49Z</confirmation-sent-at>
      <reset-password-token nil="true"></reset-password-token>
      <remember-token nil="true"></remember-token>
      <remember-created-at type="datetime" nil="true"></remember-created-at>
      <sign-in-count type="integer" nil="true"></sign-in-count>
      <current-sign-in-ip nil="true"></current-sign-in-ip>
      <last-sign-in-ip nil="true"></last-sign-in-ip>
      <failed-attemptes type="integer" nil="true"></failed-attemptes>
      <unlock-token nil="true"></unlock-token>
      <locked-at type="datetime" nil="true"></locked-at>
    </user>
    <user>
      <id type="integer">142</id>
      <login>sharon.waters@whro.org</login>
      <email>sharon.waters@whro.org</email>
      <encrypted-password>c93d80fbd2971a215c14ffb392ca57d001149b01d2da8f95bef5de7c95d7b9adcc94ad97e1c64611bf69eaa0d88ea345018b719e43679417325870897be3393d</encrypted-password>
      <last-search-url nil="true"></last-search-url>
      <last-sign-in-at type="datetime">2011-11-11T15:27:23Z</last-sign-in-at>
      <created-at type="datetime">2010-10-07T19:17:07Z</created-at>
      <updated-at type="datetime">2011-11-16T20:34:30Z</updated-at>
      <password-salt>qkGq4Cczs545fNefykxP</password-salt>
      <current-sign-in-at type="datetime">2011-11-16T20:34:30Z</current-sign-in-at>
      <name>Sharon Waters</name>
      <title>Grants Writer</title>
      <affiliation>WHRO</affiliation>
      <phone>757-889-9102</phone>
      <role type="integer">0</role>
      <confirmation-token nil="true"></confirmation-token>
      <confirmed-at type="datetime">2010-10-07T19:17:07Z</confirmed-at>
      <confirmation-sent-at type="datetime">2010-10-07T19:17:07Z</confirmation-sent-at>
      <reset-password-token nil="true"></reset-password-token>
      <remember-token nil="true"></remember-token>
      <remember-created-at type="datetime" nil="true"></remember-created-at>
      <sign-in-count type="integer">12</sign-in-count>
      <current-sign-in-ip>64.5.141.2</current-sign-in-ip>
      <last-sign-in-ip>64.5.141.2</last-sign-in-ip>
      <failed-attemptes type="integer" nil="true"></failed-attemptes>
      <unlock-token nil="true"></unlock-token>
      <locked-at type="datetime" nil="true"></locked-at>
    </user>
    <user>
      <id type="integer">1819</id>
      <login>mark.burnett@whro.org</login>
      <email>mark.burnett@whro.org</email>
      <encrypted-password>70420c14b636674e00c22a8989e5edb0f712b0df2b30e17f695d3a78786a0f9707c404512c3ba1600f5964a604949d516d7f870a0d4726d58b49f9fe90d12a2b</encrypted-password>
      <last-search-url nil="true"></last-search-url>
      <last-sign-in-at type="datetime">2012-10-19T13:34:20Z</last-sign-in-at>
      <created-at type="datetime">2012-10-19T13:27:34Z</created-at>
      <updated-at type="datetime">2012-10-19T17:47:40Z</updated-at>
      <password-salt>4VaWeWGsNU1gcJqjqEHx</password-salt>
      <current-sign-in-at type="datetime">2012-10-19T17:47:40Z</current-sign-in-at>
      <name nil="true"></name>
      <title nil="true"></title>
      <affiliation nil="true"></affiliation>
      <phone nil="true"></phone>
      <role type="integer">0</role>
      <confirmation-token nil="true"></confirmation-token>
      <confirmed-at type="datetime" nil="true"></confirmed-at>
      <confirmation-sent-at type="datetime" nil="true"></confirmation-sent-at>
      <reset-password-token nil="true"></reset-password-token>
      <remember-token nil="true"></remember-token>
      <remember-created-at type="datetime" nil="true"></remember-created-at>
      <sign-in-count type="integer">3</sign-in-count>
      <current-sign-in-ip>64.5.141.2</current-sign-in-ip>
      <last-sign-in-ip>64.5.141.2</last-sign-in-ip>
      <failed-attemptes type="integer" nil="true"></failed-attemptes>
      <unlock-token nil="true"></unlock-token>
      <locked-at type="datetime" nil="true"></locked-at>
    </user>
  </users>
  <filters type="array"/>
</organization>
