<?xml version="1.0" encoding="UTF-8"?>
<pbc:PBCoreDescriptionDocument
  xmlns:pbc="http://www.pbcore.org/PBCore/PBCoreNamespace.html" xmlns:xalan="http://xml.apache.org/xalan">
  <pbc:pbcoreAssetType>Advertisement</pbc:pbcoreAssetType>
  <pbc:pbcoreIdentifier>
    <pbc:identifier>cpb-aacip/331-69867144</pbc:identifier>
    <pbc:identifierSource>http://americanarchiveinventory.org</pbc:identifierSource>
  </pbc:pbcoreIdentifier>
  <pbc:pbcoreTitle>
    <pbc:title>Archive Quinn</pbc:title>
    <pbc:titleType>Collection</pbc:titleType>
  </pbc:pbcoreTitle>
  <pbc:pbcoreSubject>
    <pbc:subject>Subject</pbc:subject>
  </pbc:pbcoreSubject>
  <pbc:pbcoreDescription>
    <pbc:description>TEST</pbc:description>
    <pbc:descriptionType>Description Type</pbc:descriptionType>
  </pbc:pbcoreDescription>
  <pbc:pbcoreGenre>
    <pbc:genre>Master</pbc:genre>
  </pbc:pbcoreGenre>
  <pbc:pbcoreCoverage>
    <pbc:coverage>Coverage</pbc:coverage>
    <pbc:coverageType>Spatial</pbc:coverageType>
  </pbc:pbcoreCoverage>
  <pbc:pbcoreAudienceLevel>
    <pbc:audienceLevel>Level</pbc:audienceLevel>
  </pbc:pbcoreAudienceLevel>
  <pbc:pbcoreAudienceRating>
    <pbc:audienceRating>Rating</pbc:audienceRating>
  </pbc:pbcoreAudienceRating>
  <pbc:pbcoreCreator>
    <pbc:creator>Creator</pbc:creator>
    <pbc:creatorRole>Creator Role</pbc:creatorRole>
  </pbc:pbcoreCreator>
  <pbc:pbcoreContributor>
    <pbc:contributor>Contributor</pbc:contributor>
    <pbc:contributorRole>Contributor Role</pbc:contributorRole>
  </pbc:pbcoreContributor>
  <pbc:pbcorePublisher>
    <pbc:publisher>Publisher</pbc:publisher>
    <pbc:publisherRole>Publisher Role</pbc:publisherRole>
  </pbc:pbcorePublisher>
  <pbc:pbcoreRightsSummary>
    <pbc:rightsSummary>Summary</pbc:rightsSummary>
  </pbc:pbcoreRightsSummary>
  <pbc:pbcoreInstantiation>
    <pbc:pbcoreFormatID>
      <pbc:formatIdentifier>YD 0934</pbc:formatIdentifier>
      <pbc:formatIdentifierSource>WTIP Archive Number</pbc:formatIdentifierSource>
    </pbc:pbcoreFormatID>
    <pbc:formatPhysical>Hard Drive</pbc:formatPhysical>
    <pbc:formatDigital>audio/mpeg</pbc:formatDigital>
    <pbc:formatLocation>WTIP Archive Y Drive</pbc:formatLocation>
    <pbc:formatMediaType>Sound</pbc:formatMediaType>
    <pbc:formatGenerations>Master</pbc:formatGenerations>
    <pbc:formatFileSize>3.85 MB</pbc:formatFileSize>
    <pbc:formatDuration>00:03:21</pbc:formatDuration>
    <pbc:pbcoreEssenceTrack>
      <pbc:essenceTrackType>Video</pbc:essenceTrackType>
      <pbc:essenceTrackEncoding>MP3</pbc:essenceTrackEncoding>
    </pbc:pbcoreEssenceTrack>
    <pbc:pbcoreAnnotation>
      <pbc:annotation>Instantiations Annotation</pbc:annotation>
    </pbc:pbcoreAnnotation>
  </pbc:pbcoreInstantiation>
  <pbc:pbcoreExtension>
    <pbc:extension>Extension</pbc:extension>
    <pbc:extensionAuthorityUsed>nomination</pbc:extensionAuthorityUsed>
  </pbc:pbcoreExtension>
</pbc:PBCoreDescriptionDocument>
