<?xml version="1.0" encoding="UTF-8"?>
<organization>
  <id type="integer">322</id>
  <name>WEDU</name>
  <address-1>1300 North Boulevard</address-1>
  <address-2></address-2>
  <city>Tampa</city>
  <state>FL</state>
  <zip>33607</zip>
  <logo-url nil="true"></logo-url>
  <logo-file-name>WEDULogoCLR.JPG</logo-file-name>
  <logo-content-type>image/pjpeg</logo-content-type>
  <logo-file-size type="integer">201203</logo-file-size>
  <logo-updated-at type="datetime">2011-01-14T18:56:56Z</logo-updated-at>
  <website>www.wedu.org</website>
  <metadata nil="true"></metadata>
  <location nil="true"></location>
  <lat type="float">27.9544</lat>
  <lng type="float">-82.4686</lng>
  <contact-id type="integer" nil="true"></contact-id>
  <created-at type="datetime">2011-01-14T18:56:56Z</created-at>
  <updated-at type="datetime">2012-11-01T22:11:37Z</updated-at>
  <public type="boolean" nil="true"></public>
  <size>47</size>
  <other-industry></other-industry>
  <rfp-status nil="true"></rfp-status>
  <rfp-amount type="float" nil="true"></rfp-amount>
  <persistence-token>ASR3PCUeC79rO9ztiUBa</persistence-token>
  <cpb-id>1742</cpb-id>
  <reindexed-at type="datetime">2012-11-01T22:11:37Z</reindexed-at>
  <collection>
    <id type="integer">183</id>
    <inventory-id type="integer" nil="true"></inventory-id>
    <user-id type="integer" nil="true"></user-id>
    <organization-id type="integer">322</organization-id>
    <extent>9149</extent>
    <date-range>1970 to December 2009</date-range>
    <creators>WEDU station projects.</creators>
    <storage-location>Nearby commercial storage site.</storage-location>
    <storage-onsite type="boolean">true</storage-onsite>
    <storage-offsite type="boolean">true</storage-offsite>
    <storage-onsite-description>Varied. Primarily tape library with a chemical fire suppression prtection system.</storage-onsite-description>
    <storage-offsite-description>Storage units - protected from the elements.</storage-offsite-description>
    <records-inventoried type="integer">44</records-inventoried>
    <records-inventoried-electronic type="integer">32</records-inventoried-electronic>
    <inventory-comments>NA</inventory-comments>
    <inventory-record-file-name>HDDV FIELD LOG.xls</inventory-record-file-name>
    <inventory-record-content-type>application/vnd.ms-excel</inventory-record-content-type>
    <inventory-record-file-size type="integer">21504</inventory-record-file-size>
    <inventory-record-updated-at type="datetime">2011-01-27T23:43:31Z</inventory-record-updated-at>
    <ancilliary-material>NA</ancilliary-material>
    <photo-file-name nil="true"></photo-file-name>
    <photo-content-type nil="true"></photo-content-type>
    <photo-file-size type="integer" nil="true"></photo-file-size>
    <photo-updated-at type="datetime" nil="true"></photo-updated-at>
    <created-at type="datetime">2011-01-27T23:43:31Z</created-at>
    <updated-at type="datetime">2011-01-27T23:43:31Z</updated-at>
    <extent-method>Existing spreadsheets, packing documents and visual estimations from storage and tape library.</extent-method>
    <digital-extent nil="true"></digital-extent>
    <other-formats>HDV, HDCam</other-formats>
    <digital-audio></digital-audio>
    <digital-video></digital-video>
    <other-electronic-inventory-formats></other-electronic-inventory-formats>
    <records-not-inventoried>24</records-not-inventoried>
  </collection>
  <rfp>
    <id type="integer">101</id>
    <broadcaster type="boolean" nil="true"></broadcaster>
    <user-id type="integer" nil="true"></user-id>
    <organization-id type="integer">322</organization-id>
    <format nil="true"></format>
    <capacity nil="true"></capacity>
    <signature-file-name>WEDU Archive Project Signature Form.pdf</signature-file-name>
    <signature-content-type>application/pdf</signature-content-type>
    <signature-file-size type="integer">88631</signature-file-size>
    <signature-updated-at type="datetime">2011-01-28T21:16:45Z</signature-updated-at>
    <budget-file-name>WEDU American Archice Content Inventory Budget.doc</budget-file-name>
    <budget-content-type>application/msword</budget-content-type>
    <budget-file-size type="integer">33280</budget-file-size>
    <budget-updated-at type="datetime">2011-01-28T21:16:45Z</budget-updated-at>
    <created-at type="datetime">2011-01-28T21:16:45Z</created-at>
    <updated-at type="datetime">2012-08-22T18:22:11Z</updated-at>
    <status>active</status>
    <funded type="boolean">true</funded>
    <funded-amount type="integer">8617</funded-amount>
    <swat type="boolean">false</swat>
    <kickstart type="boolean">false</kickstart>
    <webinar type="boolean">false</webinar>
    <estimated-new-records type="integer">6221</estimated-new-records>
    <estimated-existing-records type="integer">2928</estimated-existing-records>
    <proposal-file-name nil="true"></proposal-file-name>
    <proposal-content-type nil="true"></proposal-content-type>
    <proposal-file-size type="integer" nil="true"></proposal-file-size>
    <proposal-updated-at type="datetime" nil="true"></proposal-updated-at>
    <started-at type="datetime">2011-06-01T00:00:00Z</started-at>
    <ended-at type="datetime">2011-09-15T16:00:00Z</ended-at>
    <nomination-first-priority type="float">107.0</nomination-first-priority>
    <nomination-second-priority type="float">27.0</nomination-second-priority>
  </rfp>
  <users type="array">
    <user>
      <id type="integer">367</id>
      <login>jconely@wedu.org</login>
      <email>jconely@wedu.org</email>
      <encrypted-password>7a9b9ccb1d7bdf004557372c83911fff1a2a737a1065e40f1758460ba24a8ae8a47d4cc73c7aed13a8224ff40e3e572f19f5f4e961f01da0539a44685f32358c</encrypted-password>
      <last-search-url nil="true"></last-search-url>
      <last-sign-in-at type="datetime">2012-10-19T22:01:51Z</last-sign-in-at>
      <created-at type="datetime">2010-12-08T19:56:41Z</created-at>
      <updated-at type="datetime">2012-10-22T17:20:59Z</updated-at>
      <password-salt>QVLpip45l8csrBfb0L_k</password-salt>
      <current-sign-in-at type="datetime">2012-10-22T17:20:59Z</current-sign-in-at>
      <name>Jack Conely</name>
      <title>Vice-President of Content</title>
      <affiliation>Content / WEDU</affiliation>
      <phone>(813) 739-2964</phone>
      <role type="integer">0</role>
      <confirmation-token nil="true"></confirmation-token>
      <confirmed-at type="datetime">2010-12-08T19:56:41Z</confirmed-at>
      <confirmation-sent-at type="datetime">2010-12-08T19:56:41Z</confirmation-sent-at>
      <reset-password-token nil="true"></reset-password-token>
      <remember-token nil="true"></remember-token>
      <remember-created-at type="datetime" nil="true"></remember-created-at>
      <sign-in-count type="integer">11</sign-in-count>
      <current-sign-in-ip>107.7.91.190</current-sign-in-ip>
      <last-sign-in-ip>107.7.91.190</last-sign-in-ip>
      <failed-attemptes type="integer" nil="true"></failed-attemptes>
      <unlock-token nil="true"></unlock-token>
      <locked-at type="datetime" nil="true"></locked-at>
    </user>
    <user>
      <id type="integer">633</id>
      <login>cferry@wedu.org</login>
      <email>cferry@wedu.org</email>
      <encrypted-password>45e72da037597da35689ca0e4be43c65279971271c6ddc5ca78116b57698e7bd84268f10dd167802bbd4b9b27b75ab7fe16dec9570444305411324a2f7a9e421</encrypted-password>
      <last-search-url nil="true"></last-search-url>
      <last-sign-in-at type="datetime">2011-09-29T19:40:25Z</last-sign-in-at>
      <created-at type="datetime">2011-05-27T17:21:32Z</created-at>
      <updated-at type="datetime">2011-09-30T18:34:22Z</updated-at>
      <password-salt>ssp0uaCOUDdb5lcuA8Gy</password-salt>
      <current-sign-in-at type="datetime">2011-09-30T18:34:22Z</current-sign-in-at>
      <name>Cheryl Ferry</name>
      <title>Content Division Coordinator</title>
      <affiliation>Content/ WEDU</affiliation>
      <phone>813-254-9338 ext. 2291</phone>
      <role type="integer">0</role>
      <confirmation-token nil="true"></confirmation-token>
      <confirmed-at type="datetime">2011-05-27T17:21:32Z</confirmed-at>
      <confirmation-sent-at type="datetime">2011-05-27T17:21:32Z</confirmation-sent-at>
      <reset-password-token nil="true"></reset-password-token>
      <remember-token nil="true"></remember-token>
      <remember-created-at type="datetime" nil="true"></remember-created-at>
      <sign-in-count type="integer">19</sign-in-count>
      <current-sign-in-ip>67.90.18.254</current-sign-in-ip>
      <last-sign-in-ip>67.90.18.254</last-sign-in-ip>
      <failed-attemptes type="integer" nil="true"></failed-attemptes>
      <unlock-token nil="true"></unlock-token>
      <locked-at type="datetime" nil="true"></locked-at>
    </user>
  </users>
  <filters type="array">
    <filter>
      <id type="integer">13</id>
      <name>Wedu</name>
      <priority type="integer">0</priority>
      <data></data>
      <class-name>AmericanArchive::Filters::Wedu</class-name>
      <organization-id type="integer">322</organization-id>
      <created-at type="datetime">2011-12-23T16:58:31Z</created-at>
      <updated-at type="datetime">2011-12-23T16:58:31Z</updated-at>
    </filter>
    <filter>
      <id type="integer">104</id>
      <name>Cryptic durations</name>
      <priority type="integer">-1</priority>
      <data></data>
      <class-name>AmericanArchive::Filters::WeduDurations</class-name>
      <organization-id type="integer">322</organization-id>
      <created-at type="datetime">2012-09-28T20:44:46Z</created-at>
      <updated-at type="datetime">2012-09-28T20:44:46Z</updated-at>
    </filter>
  </filters>
</organization>
