<?xml version="1.0" encoding="UTF-8"?>
<organization>
  <id type="integer">260</id>
  <name>Wyoming PBS</name>
  <address-1>2660 Peck Avenue</address-1>
  <address-2></address-2>
  <city>Riverton</city>
  <state>WY</state>
  <zip>82501</zip>
  <logo-url nil="true"></logo-url>
  <logo-file-name>wptvcolorLogo.jpg</logo-file-name>
  <logo-content-type>image/jpeg</logo-content-type>
  <logo-file-size type="integer">18750</logo-file-size>
  <logo-updated-at type="datetime">2010-12-14T18:44:28Z</logo-updated-at>
  <website>www.wyomingpbs.org</website>
  <metadata nil="true"></metadata>
  <location nil="true"></location>
  <lat type="float">43.0356</lat>
  <lng type="float">-108.427</lng>
  <contact-id type="integer" nil="true"></contact-id>
  <created-at type="datetime">2010-12-14T18:44:29Z</created-at>
  <updated-at type="datetime">2012-11-04T17:33:44Z</updated-at>
  <public type="boolean" nil="true"></public>
  <size>23</size>
  <other-industry></other-industry>
  <rfp-status nil="true"></rfp-status>
  <rfp-amount type="float" nil="true"></rfp-amount>
  <persistence-token>bUD8n4hwEwQO3FLd1QB2</persistence-token>
  <cpb-id>1898</cpb-id>
  <reindexed-at type="datetime">2012-11-04T17:33:44Z</reindexed-at>
  <collection>
    <id type="integer">172</id>
    <inventory-id type="integer" nil="true"></inventory-id>
    <user-id type="integer" nil="true"></user-id>
    <organization-id type="integer">260</organization-id>
    <extent>4,682</extent>
    <date-range>1982-2010</date-range>
    <creators>Wyoming PBS, Wyoming Public Television, PBS, University of Wyoming,</creators>
    <storage-location>Basement of Wyoming PBS Foundation building</storage-location>
    <storage-onsite type="boolean">true</storage-onsite>
    <storage-offsite type="boolean">true</storage-offsite>
    <storage-onsite-description>On site assets are stored in four primary locations:
Video tape library- temperature and humidity controlled-assets on open shelves.
Storage cabinets-assets on shelves behind closed cabinet doors.
Editing Suites- temperature and humidity controlled-assets on open shelves.
Offices- temperature and humidity controlled-assets on open shelves</storage-onsite-description>
    <storage-offsite-description>Some assets are in sealed boxes on open shelves.  Some assets are simply stacked on shelves. Temperature control is pretty good, but humidity is not controlled.  Wyoming tends to have very low relative humidity.</storage-offsite-description>
    <records-inventoried type="integer">8</records-inventoried>
    <records-inventoried-electronic type="integer">12</records-inventoried-electronic>
    <inventory-comments></inventory-comments>
    <inventory-record-file-name>Inventory report Wyo. Chr.txt</inventory-record-file-name>
    <inventory-record-content-type>text/plain</inventory-record-content-type>
    <inventory-record-file-size type="integer">9479</inventory-record-file-size>
    <inventory-record-updated-at type="datetime">2011-01-26T23:48:38Z</inventory-record-updated-at>
    <ancilliary-material></ancilliary-material>
    <photo-file-name>101_1763.JPG</photo-file-name>
    <photo-content-type>image/jpeg</photo-content-type>
    <photo-file-size type="integer">1052028</photo-file-size>
    <photo-updated-at type="datetime">2011-01-26T23:48:38Z</photo-updated-at>
    <created-at type="datetime">2011-01-26T17:25:43Z</created-at>
    <updated-at type="datetime">2011-02-18T21:50:33Z</updated-at>
    <extent-method>Working with our traffic manager, production manager and programming manager, we identified where different assets were stored and physically counted assets at those locations.</extent-method>
    <digital-extent nil="true"></digital-extent>
    <other-formats>XD Cam, </other-formats>
    <digital-audio></digital-audio>
    <digital-video></digital-video>
    <other-electronic-inventory-formats></other-electronic-inventory-formats>
    <records-not-inventoried>78</records-not-inventoried>
  </collection>
  <rfp>
    <id type="integer">186</id>
    <broadcaster type="boolean" nil="true"></broadcaster>
    <user-id type="integer" nil="true"></user-id>
    <organization-id type="integer">260</organization-id>
    <format nil="true"></format>
    <capacity nil="true"></capacity>
    <signature-file-name nil="true"></signature-file-name>
    <signature-content-type nil="true"></signature-content-type>
    <signature-file-size type="integer" nil="true"></signature-file-size>
    <signature-updated-at type="datetime" nil="true"></signature-updated-at>
    <budget-file-name>WyomingPBS_proposal.pdf</budget-file-name>
    <budget-content-type>application/pdf</budget-content-type>
    <budget-file-size type="integer">150465</budget-file-size>
    <budget-updated-at type="datetime">2011-04-12T20:54:41Z</budget-updated-at>
    <created-at type="datetime">2011-04-12T20:54:41Z</created-at>
    <updated-at type="datetime">2012-08-22T20:09:27Z</updated-at>
    <status>active</status>
    <funded type="boolean">true</funded>
    <funded-amount type="integer">9430</funded-amount>
    <swat type="boolean">false</swat>
    <kickstart type="boolean">false</kickstart>
    <webinar type="boolean">false</webinar>
    <estimated-new-records type="integer">4128</estimated-new-records>
    <estimated-existing-records type="integer">554</estimated-existing-records>
    <proposal-file-name>WyomingPBS_proposal.pdf</proposal-file-name>
    <proposal-content-type>application/pdf</proposal-content-type>
    <proposal-file-size type="integer">150465</proposal-file-size>
    <proposal-updated-at type="datetime">2011-04-12T20:55:12Z</proposal-updated-at>
    <started-at type="datetime">2011-07-15T00:00:00Z</started-at>
    <ended-at type="datetime">2011-09-30T16:00:00Z</ended-at>
    <nomination-first-priority type="float">88.0</nomination-first-priority>
    <nomination-second-priority type="float">22.0</nomination-second-priority>
  </rfp>
  <users type="array">
    <user>
      <id type="integer">387</id>
      <login>bconnell@cwc.edu</login>
      <email>bconnell@cwc.edu</email>
      <encrypted-password>d9768e5ec7c21776c1fe5b80ef4845ed7451e086309a069f23fe06b9b24f5c99e9525b3f9d8928b825a0c1c3ec966a9a48f7d3db69361375a1cbd42e416bc812</encrypted-password>
      <last-search-url nil="true"></last-search-url>
      <last-sign-in-at type="datetime">2012-10-12T19:32:52Z</last-sign-in-at>
      <created-at type="datetime">2010-12-14T18:44:28Z</created-at>
      <updated-at type="datetime">2012-10-16T16:50:13Z</updated-at>
      <password-salt>EMd3xTi4hYTynLEwuyjH</password-salt>
      <current-sign-in-at type="datetime">2012-10-16T16:50:13Z</current-sign-in-at>
      <name>Bob Connelly</name>
      <title>Assistant General Manager</title>
      <affiliation>Wyoming PBS</affiliation>
      <phone>307-856-6944</phone>
      <role type="integer">0</role>
      <confirmation-token nil="true"></confirmation-token>
      <confirmed-at type="datetime">2010-12-14T18:44:28Z</confirmed-at>
      <confirmation-sent-at type="datetime">2010-12-14T18:44:28Z</confirmation-sent-at>
      <reset-password-token nil="true"></reset-password-token>
      <remember-token nil="true"></remember-token>
      <remember-created-at type="datetime" nil="true"></remember-created-at>
      <sign-in-count type="integer">25</sign-in-count>
      <current-sign-in-ip>137.85.4.121</current-sign-in-ip>
      <last-sign-in-ip>137.85.6.126</last-sign-in-ip>
      <failed-attemptes type="integer" nil="true"></failed-attemptes>
      <unlock-token nil="true"></unlock-token>
      <locked-at type="datetime" nil="true"></locked-at>
    </user>
  </users>
  <filters type="array">
    <filter>
      <id type="integer">18</id>
      <name>Wyoming PBS</name>
      <priority type="integer">0</priority>
      <data></data>
      <class-name>AmericanArchive::Filters::WyomingPbs</class-name>
      <organization-id type="integer">260</organization-id>
      <created-at type="datetime">2012-02-10T20:41:45Z</created-at>
      <updated-at type="datetime">2012-02-10T20:41:45Z</updated-at>
    </filter>
    <filter>
      <id type="integer">56</id>
      <name>title character cleaner</name>
      <priority type="integer">0</priority>
      <data></data>
      <class-name>AmericanArchive::Filters::TitleCharacterCleaner</class-name>
      <organization-id type="integer">260</organization-id>
      <created-at type="datetime">2012-07-10T18:02:00Z</created-at>
      <updated-at type="datetime">2012-07-10T18:02:00Z</updated-at>
    </filter>
    <filter>
      <id type="integer">113</id>
      <name>Cryptic durations</name>
      <priority type="integer">-1</priority>
      <data></data>
      <class-name>AmericanArchive::Filters::WyomingPbsDurations</class-name>
      <organization-id type="integer">260</organization-id>
      <created-at type="datetime">2012-09-28T20:49:25Z</created-at>
      <updated-at type="datetime">2012-10-10T21:58:59Z</updated-at>
    </filter>
  </filters>
</organization>
